0,0,10.00,-16.00,-9.00,440043
0,0,14.00,-12.00,17.00,440066
0,0,-4.00,-8.00,19.00,440090
0,0,-10.00,-2.00,23.00,440113
0,0,-4.00,16.00,-7.00,440136
0,0,-2.00,6.00,1.00,440159
0,0,8.00,-2.00,-3.00,440182
0,0,4.00,-6.00,5.00,440205
0,0,-8.00,6.00,1.00,440229
0,0,2.00,14.00,-9.00,440252
0,0,10.00,12.00,23.00,440275
0,0,4.00,-2.00,9.00,440298
0,0,6.00,-2.00,7.00,440321
0,0,-2.00,-2.00,9.00,440344
0,0,2.00,0.00,3.00,440367
0,0,-2.00,2.00,-1.00,440391
0,0,8.00,2.00,1.00,440414
0,0,10.00,-6.00,3.00,440437
0,0,2.00,12.00,1.00,440460
0,0,-10.00,2.00,7.00,440484
0,0,4.00,-14.00,-1.00,440507
0,0,0.00,-12.00,17.00,440530
0,0,4.00,6.00,-11.00,440553
0,0,0.00,16.00,3.00,440597
0,0,-4.00,16.00,13.00,440620
0,0,4.00,6.00,-1.00,440643
0,0,-4.00,-18.00,9.00,440666
0,0,8.00,-2.00,1.00,440690
0,0,6.00,14.00,23.00,440713
0,0,4.00,8.00,-7.00,440737
0,0,-18.00,24.00,13.00,440760
0,0,-12.00,-22.00,21.00,440784
0,0,12.00,0.00,7.00,440807
0,0,8.00,10.00,15.00,440830
0,0,8.00,2.00,-11.00,440854
0,0,4.00,8.00,15.00,440877
0,0,6.00,2.00,-1.00,440900
0,0,-2.00,-4.00,35.00,440923
0,0,12.00,2.00,-1.00,440946
0,0,-2.00,4.00,35.00,440969
0,0,-6.00,8.00,7.00,440992
0,0,-20.00,-8.00,9.00,441015
0,0,24.00,10.00,19.00,441039
0,0,-24.00,-12.00,-1.00,441062
0,0,20.00,4.00,-11.00,441085
0,0,6.00,0.00,-11.00,441108
0,0,-8.00,6.00,-11.00,441131
0,0,-8.00,2.00,-5.00,441154
0,0,16.00,38.00,33.00,441177
0,0,12.00,-2.00,-25.00,441200
0,0,10.00,-22.00,17.00,441223
0,0,-10.00,-6.00,1.00,441246
0,0,-14.00,-20.00,3.00,441269
0,0,8.00,6.00,-3.00,441292
0,0,-12.00,-28.00,3.00,441316
0,0,-8.00,20.00,5.00,441339
0,0,12.00,14.00,-3.00,441362
0,0,-16.00,10.00,21.00,441385
0,0,18.00,12.00,1.00,441408
0,0,-8.00,-10.00,1.00,441431
0,0,-8.00,38.00,13.00,441454
0,0,-6.00,24.00,-9.00,441477
0,0,8.00,-4.00,21.00,441500
0,0,-14.00,-32.00,27.00,441523
0,0,28.00,-26.00,-5.00,441546
0,0,2.00,-18.00,47.00,441569
0,0,-48.00,50.00,-19.00,441593
0,0,-18.00,32.00,17.00,441616
0,0,-16.00,0.00,-27.00,441639
0,0,82.00,-34.00,-7.00,441663
0,0,16.00,-62.00,33.00,441686
0,0,-46.00,6.00,-5.00,441709
0,0,-66.00,0.00,-9.00,441732
0,0,16.00,46.00,33.00,441755
0,0,54.00,42.00,-15.00,441778
0,0,38.00,24.00,37.00,441802
0,0,28.00,8.00,61.00,441825
0,0,-256.00,62.00,-63.00,441848
0,0,22.00,178.00,259.00,441871
0,0,-32.00,42.00,127.00,441894
0.00,0.00,18.00,-2.00,-17.00,442181
0.00,0.00,26.00,-46.00,25.00,442246
0.00,0.00,0.00,-4.00,11.00,442311
0.00,0.00,6.00,-4.00,-21.00,442376
0.00,0.00,10.00,6.00,-5.00,442441
0.00,0.00,8.00,0.00,47.00,442507
0.00,0.00,-36.00,2.00,-19.00,442572
0.00,0.00,4.00,34.00,1.00,442637
0.00,0.00,4.00,-4.00,-11.00,442702
0.00,0.00,-24.00,34.00,-21.00,442787
0,0,-44.00,14.00,-25.00,442810
0,0,-18.00,44.00,1.00,442834
0,0,12.00,34.00,-5.00,442857
0,0,0.00,-16.00,39.00,442880
0,0,44.00,70.00,-3.00,442903
0,0,26.00,36.00,31.00,442926
0,0,16.00,-28.00,-35.00,442950
0,0,6.00,4.00,47.00,442973
0,0,26.00,36.00,1.00,442997
0,0,-6.00,32.00,43.00,443020
0,0,50.00,10.00,-35.00,443043
0,0,-48.00,-30.00,19.00,443066
0,0,40.00,26.00,3.00,443089
0,0,14.00,-62.00,21.00,443113
0,0,-2.00,106.00,-23.00,443136
0,0,38.00,-52.00,3.00,443159
0,0,16.00,100.00,31.00,443182
0,0,2.00,-24.00,-27.00,443205
0,0,34.00,14.00,9.00,443228
0,0,-4.00,6.00,-7.00,443252
0,0,38.00,-20.00,33.00,443275
0,0,-2.00,4.00,-15.00,443298
0,0,8.00,-134.00,-21.00,443321
0,0,10.00,-122.00,-21.00,443344
0,0,8.00,-58.00,-29.00,443368
0,0,48.00,4.00,-3.00,443391
0,0,2.00,-26.00,23.00,443414
0,0,38.00,-36.00,15.00,443437
0,0,20.00,-50.00,5.00,443460
0,0,14.00,-6.00,-3.00,443484
0,0,8.00,-66.00,-13.00,443507
0,0,20.00,-12.00,9.00,443531
0,0,8.00,-40.00,-15.00,443554
0,0,12.00,-24.00,11.00,443577
0,0,-30.00,-66.00,-17.00,443600
0,0,10.00,-42.00,3.00,443624
0,0,-38.00,-40.00,9.00,443647
0,0,-40.00,-64.00,27.00,443691
0,0,-30.00,-32.00,-27.00,443714
0,0,-50.00,-52.00,7.00,443737
0,0,-56.00,-32.00,1.00,443760
0,0,-64.00,0.00,13.00,443784
0,0,-58.00,-36.00,19.00,443807
0,0,-68.00,92.00,7.00,443830
0,0,-52.00,-56.00,45.00,443853
0,0,-48.00,52.00,-27.00,443876
0,0,-64.00,4.00,1.00,443900
0,0,-48.00,52.00,27.00,443923
0,0,-58.00,112.00,-1.00,443946
0,0,-60.00,56.00,9.00,443969
0,0,-42.00,20.00,-15.00,444012
0,0,8.00,128.00,13.00,444035
0,0,-30.00,38.00,-15.00,444059
0,0,44.00,132.00,11.00,444082
0,0,8.00,100.00,35.00,444105
0,0,44.00,126.00,-15.00,444128
0,0,84.00,104.00,65.00,444151
0,0,88.00,76.00,-27.00,444174
0,0,82.00,66.00,41.00,444198
0,0,78.00,78.00,19.00,444221
0,0,108.00,42.00,25.00,444244
0,0,132.00,-32.00,-17.00,444267
0,0,110.00,-18.00,-25.00,444291
0,0,114.00,-52.00,71.00,444314
0,0,90.00,-214.00,65.00,444337
0,0,92.00,-186.00,53.00,444360
0,0,24.00,-154.00,19.00,444383
0,0,22.00,-180.00,-5.00,444406
0,0,4.00,-102.00,63.00,444429
0,0,-40.00,-112.00,39.00,444452
0,0,-30.00,-184.00,55.00,444475
0,0,-102.00,-150.00,9.00,444498
0,0,-104.00,-132.00,-35.00,444522
0,0,-126.00,-88.00,-5.00,444545
0,0,-162.00,-62.00,11.00,444569
0,0,-164.00,-54.00,-35.00,444592
0,0,-152.00,100.00,15.00,444615
0,0,-144.00,0.00,-11.00,444639
0,0,-132.00,52.00,63.00,444662
0,0,-116.00,184.00,31.00,444685
0,0,-60.00,220.00,23.00,444708
0,0,-28.00,240.00,-7.00,444731
0,0,64.00,188.00,-13.00,444755
0,0,94.00,244.00,87.00,444778
0,0,74.00,238.00,65.00,444801
0,0,132.00,128.00,69.00,444824
0,0,184.00,108.00,-57.00,444847
0,0,198.00,24.00,7.00,444870
0,0,188.00,-6.00,25.00,444893
0,0,190.00,-116.00,-3.00,444917
0,0,136.00,-442.00,-177.00,444940
0,0,110.00,-312.00,-35.00,444963
0.00,0.00,-56.00,-260.00,-11.00,445049
0.00,0.00,-212.00,-36.00,51.00,445114
0.00,0.00,-188.00,108.00,15.00,445179
0.00,0.00,16.00,140.00,-77.00,445245
0.00,0.00,116.00,168.00,-103.00,445310
0.00,0.00,254.00,96.00,-29.00,445375
0.00,0.00,184.00,-352.00,229.00,445440
0.00,0.00,-12.00,-248.00,73.00,445505
0.00,0.00,-264.00,-134.00,115.00,445570
0.00,0.00,-218.00,208.00,-221.00,445656
0,0,-128.00,402.00,-83.00,445679
0,0,-10.00,440.00,1.00,445703
0,0,102.00,522.00,5.00,445726
0,0,182.00,322.00,17.00,445749
0,0,384.00,206.00,-17.00,445772
0,0,412.00,96.00,-5.00,445796
0,0,342.00,-16.00,-11.00,445819
0,0,308.00,-138.00,105.00,445843
0,0,94.00,-354.00,129.00,445866
0,0,-40.00,-518.00,13.00,445909
0,0,-102.00,-452.00,63.00,445932
0,0,-310.00,-158.00,89.00,445955
0,0,-356.00,-106.00,-5.00,445979
0,0,-402.00,-18.00,-11.00,446003
0,0,-346.00,198.00,-15.00,446026
0,0,-272.00,120.00,-5.00,446050
0,0,-216.00,354.00,-97.00,446073
0,0,-64.00,394.00,-1.00,446096
0,0,140.00,378.00,7.00,446119
0,0,264.00,322.00,-71.00,446143
0,0,356.00,140.00,-17.00,446166
0,0,536.00,-24.00,125.00,446189
0,0,460.00,-218.00,-7.00,446212
0,0,364.00,-376.00,7.00,446236
0,0,206.00,-510.00,75.00,446259
0,0,20.00,-412.00,95.00,446282
0,0,-148.00,-534.00,-61.00,446306
0,0,-348.00,-246.00,261.00,446330
0,0,-462.00,-286.00,-7.00,446353
0,0,-532.00,68.00,-41.00,446376
0,0,-406.00,330.00,19.00,446400
0,0,-402.00,294.00,-19.00,446423
0,0,-146.00,472.00,-135.00,446446
0,0,126.00,380.00,-143.00,446469
0,0,222.00,426.00,-41.00,446492
0,0,490.00,116.00,-85.00,446515
0,0,594.00,-52.00,-3.00,446539
0,0,596.00,-238.00,83.00,446562
0,0,568.00,-434.00,-37.00,446585
0,0,172.00,-524.00,59.00,446608
0,0,-56.00,-602.00,77.00,446631
0,0,-344.00,-540.00,77.00,446654
0,0,-468.00,-160.00,-175.00,446677
0,0,-590.00,-56.00,-35.00,446700
0,0,-514.00,164.00,-47.00,446723
0,0,-364.00,530.00,-229.00,446746
0,0,-228.00,636.00,-253.00,446769
0,0,118.00,600.00,-79.00,446792
0,0,266.00,626.00,-17.00,446816
0,0,450.00,472.00,-65.00,446839
0,0,700.00,76.00,61.00,446862
0,0,722.00,-212.00,-65.00,446886
0,0,482.00,204.00,-11.00,446909
0,0,134.00,-564.00,199.00,446932
0,0,-58.00,-798.00,47.00,446955
0,0,-382.00,-382.00,145.00,446979
0,0,-524.00,-374.00,25.00,447002
0,0,-570.00,-88.00,-43.00,447025
0,0,-494.00,288.00,-135.00,447048
0,0,-370.00,452.00,187.00,447072
0,0,-150.00,908.00,177.00,447095
0,0,208.00,688.00,-69.00,447118
0,0,570.00,532.00,-23.00,447141
0,0,654.00,280.00,-67.00,447164
0,0,700.00,-156.00,13.00,447187
0,0,580.00,-520.00,109.00,447210
0,0,304.00,-834.00,-43.00,447233
0,0,-38.00,-848.00,71.00,447256
0,0,-370.00,-548.00,65.00,447280
0,0,-598.00,-148.00,117.00,447303
0,0,-732.00,-6.00,-25.00,447327
0,0,-606.00,390.00,-79.00,447350
0,0,-374.00,394.00,-101.00,447373
0,0,-46.00,680.00,-189.00,447396
0,0,324.00,652.00,-103.00,447419
0,0,568.00,518.00,-1.00,447442
0,0,774.00,204.00,131.00,447465
0,0,768.00,-382.00,-7.00,447488
0,0,644.00,58.00,421.00,447511
0.00,0.00,-666.00,-432.00,9.00,447596
0.00,0.00,-368.00,766.00,23.00,447662
0.00,0.00,656.00,556.00,57.00,447727
0.00,0.00,484.00,-820.00,145.00,447792
0.00,0.00,-472.00,-722.00,-59.00,447857
0.00,0.00,-686.00,1108.00,223.00,447922
0.00,0.00,672.00,684.00,-161.00,447987
0.00,0.00,862.00,-416.00,45.00,448052
0.00,0.00,-612.00,-578.00,153.00,448118
0.00,0.00,-346.00,908.00,-105.00,448203
0,0,218.00,976.00,-123.00,448226
0,0,710.00,856.00,-143.00,448249
0,0,944.00,358.00,-57.00,448272
0,0,934.00,-390.00,73.00,448296
0,0,614.00,-1110.00,207.00,448319
0,0,138.00,-1164.00,85.00,448343
0,0,-558.00,-886.00,-3.00,448366
0,0,-870.00,-348.00,177.00,448389
0,0,-914.00,288.00,-59.00,448412
0,0,-260.00,1000.00,-97.00,448456
0,0,234.00,1254.00,79.00,448479
0,0,832.00,892.00,87.00,448502
0,0,1064.00,312.00,119.00,448525
0,0,1048.00,-462.00,49.00,448548
0,0,480.00,-1376.00,-85.00,448572
0,0,-48.00,-1338.00,21.00,448595
0,0,-680.00,-1000.00,45.00,448618
0,0,-950.00,-316.00,21.00,448641
0,0,-944.00,420.00,59.00,448664
0,0,-890.00,1234.00,157.00,448687
0,0,-172.00,1152.00,-49.00,448710
0,0,542.00,836.00,-191.00,448733
0,0,966.00,606.00,93.00,448756
0,0,1146.00,102.00,265.00,448780
0,0,596.00,-1266.00,117.00,448803
0,0,336.00,-1372.00,55.00,448826
0,0,-182.00,-1100.00,-5.00,448850
0,0,-846.00,-446.00,45.00,448873
0,0,-1086.00,60.00,-189.00,448897
0,0,-852.00,214.00,-587.00,448920
0,0,-286.00,1170.00,-131.00,448943
0,0,300.00,1292.00,59.00,448966
0,0,860.00,372.00,259.00,448989
0,0,1160.00,-74.00,23.00,449012
0,0,1000.00,-684.00,251.00,449036
0,0,412.00,-870.00,343.00,449059
0,0,-288.00,-1176.00,185.00,449082
0,0,-808.00,-518.00,99.00,449105
0,0,-1304.00,114.00,161.00,449129
0,0,-868.00,1202.00,89.00,449152
0,0,-282.00,1264.00,51.00,449175
0,0,384.00,1414.00,-69.00,449198
0,0,906.00,684.00,-387.00,449221
0,0,1266.00,130.00,-83.00,449244
0,0,1078.00,-680.00,173.00,449267
0,0,660.00,-1126.00,-97.00,449290
0,0,-308.00,-1266.00,3.00,449313
0,0,-1118.00,-650.00,-129.00,449336
0,0,-1216.00,558.00,-41.00,449359
0,0,-1002.00,576.00,-651.00,449382
0,0,-124.00,940.00,-367.00,449405
0,0,374.00,1634.00,79.00,449429
0,0,1088.00,794.00,-159.00,449452
0,0,1406.00,-264.00,-13.00,449475
0,0,956.00,-490.00,379.00,449498
0,0,218.00,-1702.00,101.00,449521
0,0,-416.00,-1738.00,67.00,449544
0,0,-1198.00,-500.00,163.00,449567
0,0,-1240.00,402.00,-15.00,449590
0,0,-850.00,1308.00,19.00,449613
0,0,-36.00,1316.00,-209.00,449636
0,0,796.00,1346.00,-29.00,449659
0,0,1300.00,576.00,-39.00,449682
0,0,1350.00,-512.00,-135.00,449705
0,0,626.00,-1824.00,93.00,449728
0,0,-176.00,-1620.00,215.00,449751
0,0,-996.00,-1258.00,-445.00,449774
0,0,-1194.00,-384.00,-371.00,449797
0,0,-1106.00,1218.00,31.00,449820
0,0,-490.00,1462.00,-75.00,449843
0,0,498.00,1224.00,-235.00,449867
0,0,1068.00,1126.00,7.00,449890
0,0,1524.00,-220.00,97.00,449913
0,0,1082.00,-998.00,449.00,449936
0,0,-12.00,-1502.00,131.00,449959
0,0,-832.00,-1378.00,87.00,449982
0,0,-1194.00,-890.00,-67.00,450005
0,0,-1372.00,512.00,15.00,450029
0,0,-762.00,1234.00,-341.00,450052
0.00,0.00,650.00,-1578.00,255.00,450157
0.00,0.00,-1346.00,-122.00,-17.00,450222
0.00,0.00,206.00,1418.00,-209.00,450287
0.00,0.00,1380.00,-928.00,-3.00,450352
0.00,0.00,-1036.00,-1100.00,-65.00,450417
0.00,0.00,-326.00,1414.00,-87.00,450482
0.00,0.00,1552.00,-72.00,109.00,450548
0.00,0.00,-744.00,-1304.00,163.00,450613
0.00,0.00,-1032.00,1460.00,-13.00,450679
0.00,0.00,1522.00,-572.00,51.00,450764
0,0,590.00,-1858.00,-99.00,450788
0,0,-342.00,-1462.00,55.00,450811
0,0,-992.00,-1566.00,-339.00,450834
0,0,-1510.00,-164.00,-97.00,450857
0,0,-1078.00,172.00,-701.00,450880
0,0,-276.00,1578.00,-23.00,450903
0,0,866.00,1616.00,47.00,450926
0,0,1426.00,612.00,75.00,450949
0,0,1472.00,-404.00,-23.00,450972
0,0,666.00,-1592.00,155.00,450995
0,0,-268.00,-2058.00,49.00,451018
0,0,-1086.00,-880.00,-97.00,451041
0,0,-1472.00,-298.00,-67.00,451064
0,0,-998.00,684.00,-527.00,451088
0,0,-220.00,1916.00,-187.00,451111
0,0,890.00,1372.00,-55.00,451134
0,0,1532.00,460.00,-139.00,451157
0,0,1612.00,-292.00,-11.00,451180
0,0,686.00,-1746.00,105.00,451203
0,0,-424.00,-1702.00,137.00,451226
0,0,-1028.00,-1114.00,-43.00,451250
0,0,-1402.00,-368.00,-117.00,451273
0,0,-1228.00,1024.00,565.00,451296
0,0,-152.00,1566.00,-235.00,451319
0,0,930.00,1628.00,-347.00,451342
0,0,1376.00,724.00,-171.00,451365
0,0,1568.00,-566.00,109.00,451388
0,0,630.00,-1468.00,-285.00,451411
0,0,-486.00,-1638.00,69.00,451434
0,0,-978.00,-1036.00,159.00,451457
0,0,-1582.00,-156.00,115.00,451480
0,0,-1146.00,680.00,391.00,451503
0,0,-122.00,1392.00,-171.00,451526
0,0,808.00,1556.00,-67.00,451550
0,0,1484.00,334.00,173.00,451572
0,0,1504.00,-364.00,189.00,451596
0,0,676.00,-1332.00,-133.00,451619
0,0,-446.00,-1848.00,145.00,451642
0,0,-1042.00,-942.00,97.00,451665
0,0,-1392.00,-52.00,-109.00,451688
0,0,-1092.00,1066.00,-239.00,451711
0,0,-214.00,1670.00,-59.00,451734
0,0,868.00,1554.00,67.00,451758
0,0,1464.00,558.00,-149.00,451781
0,0,1462.00,-552.00,123.00,451804
0,0,672.00,-1302.00,-119.00,451827
0,0,-512.00,-1520.00,221.00,451850
0,0,-1264.00,-946.00,37.00,451874
0,0,-1572.00,248.00,5.00,451897
0,0,-1132.00,1512.00,55.00,451920
0,0,32.00,1336.00,-237.00,451944
0,0,776.00,1246.00,-309.00,451967
0,0,1440.00,488.00,7.00,451990
0,0,1418.00,-802.00,99.00,452013
0,0,540.00,-1390.00,263.00,452037
0,0,-578.00,-1358.00,229.00,452060
0,0,-1172.00,-934.00,75.00,452083
0,0,-1458.00,-56.00,31.00,452106
0,0,-998.00,1638.00,-241.00,452129
0,0,212.00,1776.00,3.00,452152
0,0,1002.00,1522.00,177.00,452175
0,0,1456.00,496.00,165.00,452198
0,0,1474.00,-956.00,21.00,452221
0,0,344.00,-1700.00,-129.00,452244
0,0,-616.00,-1252.00,123.00,452267
0,0,-1330.00,-576.00,119.00,452290
0,0,-1464.00,284.00,13.00,452314
0,0,-818.00,1218.00,-135.00,452337
0,0,186.00,1386.00,-59.00,452360
0,0,1078.00,796.00,-781.00,452383
0,0,1548.00,158.00,75.00,452406
0,0,1256.00,-1194.00,133.00,452429
0,0,330.00,-1796.00,-81.00,452452
0,0,-688.00,-1410.00,239.00,452475
0,0,-1476.00,-692.00,79.00,452499
0,0,-1476.00,404.00,157.00,452522
0,0,-676.00,1124.00,-193.00,452545
0,0,348.00,1642.00,-105.00,452569
0,0,1330.00,1494.00,193.00,452592
0,0,1422.00,342.00,101.00,452615
0.00,0.00,-1280.00,-748.00,-31.00,452700
0.00,0.00,-94.00,1302.00,-155.00,452765
0.00,0.00,1556.00,-468.00,15.00,452830
0.00,0.00,-680.00,-1850.00,-375.00,452895
0.00,0.00,-606.00,1016.00,-231.00,452961
0.00,0.00,1604.00,-62.00,85.00,453026
0.00,0.00,-662.00,-1642.00,77.00,453091
0.00,0.00,-1024.00,1214.00,179.00,453156
0.00,0.00,1452.00,784.00,-407.00,453221
0.00,0.00,-806.00,-1142.00,513.00,453306
0,0,-1572.00,-780.00,-363.00,453330
0,0,-1234.00,1010.00,129.00,453353
0,0,-424.00,1978.00,31.00,453376
0,0,882.00,1318.00,15.00,453399
0,0,1362.00,890.00,-231.00,453422
0,0,1594.00,-442.00,153.00,453446
0,0,998.00,-1936.00,-461.00,453469
0,0,-144.00,-1692.00,337.00,453492
0,0,-1060.00,-340.00,607.00,453516
0,0,-1244.00,1280.00,135.00,453559
0,0,-554.00,1570.00,-87.00,453582
0,0,558.00,1544.00,-17.00,453606
0,0,1296.00,640.00,-311.00,453629
0,0,1540.00,-298.00,99.00,453653
0,0,866.00,-1352.00,-227.00,453676
0,0,-194.00,-1552.00,165.00,453700
0,0,-1058.00,-1288.00,-235.00,453723
0,0,-1514.00,-290.00,-77.00,453747
0,0,-1188.00,896.00,613.00,453770
0,0,-258.00,1824.00,-61.00,453793
0,0,956.00,1370.00,-43.00,453816
0,0,1478.00,584.00,-77.00,453839
0,0,1522.00,-294.00,187.00,453863
0,0,712.00,-1166.00,31.00,453886
0,0,-408.00,-1716.00,313.00,453909
0,0,-1048.00,-714.00,291.00,453932
0,0,-1418.00,-40.00,-211.00,453955
0,0,-1214.00,730.00,-211.00,453979
0,0,-58.00,1464.00,-105.00,454002
0,0,666.00,1538.00,187.00,454025
0,0,1482.00,422.00,199.00,454048
0,0,1420.00,-562.00,227.00,454071
0,0,740.00,-1432.00,57.00,454094
0,0,-582.00,-1546.00,281.00,454118
0,0,-1284.00,-640.00,201.00,454141
0,0,-1530.00,60.00,45.00,454164
0,0,-1042.00,1344.00,-49.00,454187
0,0,10.00,1358.00,-261.00,454210
0,0,810.00,1192.00,-369.00,454233
0,0,1540.00,288.00,-181.00,454256
0,0,1362.00,-400.00,245.00,454280
0,0,572.00,-1196.00,-109.00,454303
0,0,-482.00,-1740.00,191.00,454326
0,0,-1356.00,-804.00,87.00,454349
0,0,-1378.00,328.00,-31.00,454372
0,0,-862.00,818.00,-175.00,454396
0,0,162.00,1780.00,101.00,454419
0,0,930.00,1328.00,-39.00,454442
0,0,1610.00,280.00,81.00,454465
0,0,1420.00,-740.00,195.00,454488
0,0,328.00,-1398.00,-57.00,454511
0,0,-756.00,-1378.00,63.00,454534
0,0,-1320.00,-58.00,1.00,454557
0,0,-1456.00,378.00,93.00,454580
0,0,-788.00,1048.00,-203.00,454603
0,0,136.00,1772.00,-55.00,454626
0,0,1240.00,1306.00,-235.00,454649
0,0,1592.00,220.00,69.00,454673
0,0,1258.00,-1092.00,1.00,454696
0,0,274.00,-1568.00,69.00,454719
0,0,-506.00,-2068.00,-303.00,454742
0,0,-1336.00,-532.00,7.00,454766
0,0,-1524.00,580.00,171.00,454789
0,0,-698.00,1190.00,-189.00,454813
0,0,496.00,1420.00,21.00,454836
0,0,1292.00,896.00,-451.00,454859
0,0,1476.00,-272.00,-45.00,454882
0,0,1298.00,-422.00,637.00,454905
0,0,176.00,-1764.00,179.00,454929
0,0,-1046.00,-1230.00,-91.00,454951
0,0,-1134.00,-492.00,123.00,454974
0,0,-1552.00,462.00,173.00,454997
0,0,-888.00,1298.00,-263.00,455021
0,0,524.00,1258.00,-1.00,455044
0,0,1244.00,570.00,-535.00,455067
0,0,1522.00,-162.00,193.00,455090
0,0,1278.00,-556.00,349.00,455114
0,0,4.00,-1782.00,249.00,455137
0,0,-780.00,-1256.00,51.00,455160
0.00,0.00,1052.00,1258.00,-57.00,455266
0.00,0.00,638.00,-1302.00,9.00,455331
0.00,0.00,-1496.00,-444.00,-123.00,455396
0.00,0.00,766.00,1502.00,143.00,455462
0.00,0.00,1194.00,-1570.00,7.00,455527
0.00,0.00,-1574.00,-498.00,-17.00,455592
0.00,0.00,126.00,1592.00,-141.00,455657
0.00,0.00,1442.00,-682.00,229.00,455722
0.00,0.00,-1160.00,-1396.00,151.00,455787
0.00,0.00,768.00,1584.00,-5.00,455872
0,0,1360.00,514.00,-575.00,455895
0,0,1402.00,-374.00,83.00,455919
0,0,850.00,-1390.00,-175.00,455942
0,0,-60.00,-1742.00,157.00,455965
0,0,-1072.00,-1422.00,-281.00,455988
0,0,-1520.00,-152.00,-177.00,456012
0,0,-1276.00,1014.00,239.00,456035
0,0,-340.00,1614.00,-137.00,456058
0,0,766.00,1618.00,223.00,456081
0,0,1532.00,796.00,63.00,456104
0,0,1502.00,-248.00,3.00,456127
0,0,722.00,-1268.00,245.00,456150
0,0,-302.00,-1966.00,211.00,456173
0,0,-892.00,-1574.00,-397.00,456196
0,0,-1336.00,-162.00,-447.00,456219
0,0,-1248.00,380.00,-47.00,456242
0,0,-344.00,1354.00,-261.00,456266
0,0,918.00,1556.00,135.00,456289
0,0,1400.00,508.00,-435.00,456312
0,0,1584.00,-598.00,29.00,456335
0,0,706.00,-1260.00,29.00,456358
0,0,-316.00,-1752.00,19.00,456381
0,0,-1080.00,-1234.00,189.00,456404
0,0,-1608.00,40.00,-51.00,456427
0,0,-1224.00,696.00,-229.00,456450
0,0,-302.00,1296.00,-143.00,456473
0,0,848.00,1574.00,129.00,456496
0,0,1534.00,378.00,-321.00,456519
0,0,1558.00,-306.00,231.00,456542
0,0,610.00,-1488.00,-31.00,456565
0,0,-406.00,-2122.00,77.00,456588
0,0,-1230.00,-738.00,265.00,456611
0,0,-1460.00,210.00,-25.00,456634
0,0,-1192.00,776.00,-5.00,456657
0,0,-180.00,1564.00,-503.00,456680
0,0,628.00,1250.00,-3.00,456703
0,0,1442.00,428.00,11.00,456726
0,0,1518.00,-538.00,175.00,456749
0,0,688.00,-1220.00,-57.00,456772
0,0,-646.00,-1626.00,431.00,456795
0,0,-1338.00,-554.00,279.00,456819
0,0,-1482.00,190.00,-19.00,456842
0,0,-1076.00,1190.00,-65.00,456865
0,0,-48.00,1572.00,-289.00,456888
0,0,780.00,1158.00,-293.00,456911
0,0,1528.00,624.00,-237.00,456934
0,0,1392.00,-378.00,341.00,456957
0,0,586.00,-1404.00,-59.00,456981
0,0,-638.00,-1472.00,241.00,457004
0,0,-1360.00,-858.00,65.00,457027
0,0,-1452.00,364.00,119.00,457050
0,0,-762.00,1318.00,161.00,457074
0,0,198.00,1620.00,41.00,457097
0,0,1196.00,1226.00,-411.00,457120
0,0,1438.00,544.00,143.00,457143
0,0,1442.00,-982.00,-71.00,457167
0,0,446.00,-1740.00,35.00,457190
0,0,-724.00,-1530.00,115.00,457213
0,0,-1420.00,-850.00,-19.00,457237
0,0,-1364.00,68.00,-25.00,457260
0,0,-956.00,1198.00,37.00,457283
0,0,316.00,1368.00,117.00,457306
0,0,1340.00,936.00,-523.00,457330
0,0,1454.00,188.00,43.00,457353
0,0,1420.00,-728.00,145.00,457376
0,0,194.00,-1604.00,241.00,457399
0,0,-816.00,-1500.00,-163.00,457422
0,0,-1582.00,-710.00,-165.00,457446
0,0,-1496.00,428.00,209.00,457469
0,0,-754.00,1346.00,-211.00,457492
0,0,326.00,1696.00,75.00,457515
0,0,1324.00,974.00,-343.00,457538
0,0,1390.00,256.00,283.00,457561
0,0,1226.00,-1198.00,-133.00,457584
0,0,110.00,-1858.00,147.00,457607
0,0,-888.00,-1086.00,245.00,457630
0,0,-1496.00,-632.00,-169.00,457653
0,0,-1368.00,468.00,-5.00,457677
0,0,-628.00,1294.00,-59.00,457700
0,0,598.00,1662.00,73.00,457723
0.00,0.00,350.00,-1648.00,181.00,457808
0.00,0.00,-1464.00,242.00,29.00,457873
0.00,0.00,808.00,1250.00,99.00,457938
0.00,0.00,700.00,-1824.00,-159.00,458003
0.00,0.00,-1310.00,-578.00,-265.00,458068
0.00,0.00,502.00,1640.00,33.00,458133
0.00,0.00,1192.00,-1158.00,-149.00,458198
0.00,0.00,-1430.00,-868.00,-65.00,458263
0.00,0.00,-156.00,1628.00,-95.00,458328
0.00,0.00,954.00,-1258.00,-79.00,458413
0,0,-256.00,-1820.00,255.00,458436
0,0,-1180.00,-596.00,185.00,458460
0,0,-1456.00,-238.00,-251.00,458483
0,0,-1264.00,260.00,81.00,458506
0,0,-428.00,1660.00,-181.00,458530
0,0,916.00,1178.00,-27.00,458553
0,0,1348.00,826.00,129.00,458576
0,0,1522.00,-390.00,107.00,458599
0,0,712.00,-1148.00,243.00,458622
0,0,-966.00,-1210.00,-149.00,458666
0,0,-1518.00,-298.00,-317.00,458689
0,0,-1332.00,554.00,-1.00,458712
0,0,-320.00,1452.00,-207.00,458735
0,0,802.00,1598.00,-95.00,458759
0,0,1434.00,716.00,-67.00,458782
0,0,1456.00,-400.00,165.00,458805
0,0,774.00,-1616.00,27.00,458829
0,0,-392.00,-1816.00,123.00,458852
0,0,-1160.00,-860.00,165.00,458875
0,0,-1524.00,-18.00,-113.00,458898
0,0,-1176.00,888.00,-123.00,458921
0,0,-230.00,1614.00,-441.00,458945
0,0,880.00,1396.00,33.00,458967
0,0,1424.00,534.00,49.00,458990
0,0,1488.00,-414.00,247.00,459014
0,0,758.00,-1192.00,83.00,459037
0,0,-510.00,-1490.00,281.00,459060
0,0,-1208.00,-1074.00,27.00,459084
0,0,-1528.00,96.00,-5.00,459107
0,0,-1086.00,1224.00,-247.00,459130
0,0,38.00,1566.00,-165.00,459153
0,0,1056.00,1288.00,-221.00,459176
0,0,1576.00,318.00,57.00,459199
0,0,1464.00,-710.00,233.00,459223
0,0,490.00,-1684.00,315.00,459246
0,0,-446.00,-1580.00,-277.00,459269
0,0,-1492.00,-742.00,157.00,459292
0,0,-1384.00,372.00,67.00,459316
0,0,-876.00,1192.00,-267.00,459339
0,0,146.00,1814.00,-55.00,459362
0,0,1086.00,1368.00,-151.00,459385
0,0,1522.00,-58.00,-103.00,459408
0,0,1374.00,-1662.00,-197.00,459431
0,0,302.00,-1744.00,99.00,459455
0,0,-636.00,-1198.00,299.00,459478
0,0,-1366.00,-538.00,-233.00,459501
0,0,-1460.00,482.00,263.00,459524
0,0,-686.00,1262.00,-187.00,459547
0,0,332.00,1500.00,11.00,459571
0,0,1236.00,1082.00,-181.00,459594
0,0,1450.00,204.00,201.00,459617
0,0,1254.00,-498.00,617.00,459640
0,0,148.00,-1904.00,59.00,459663
0,0,-1096.00,-808.00,977.00,459687
0,0,-1340.00,-372.00,-37.00,459710
0,0,-1410.00,558.00,151.00,459733
0,0,-730.00,1138.00,-319.00,459756
0,0,462.00,1796.00,67.00,459779
0,0,1306.00,678.00,-281.00,459802
0,0,1436.00,-92.00,129.00,459825
0,0,1264.00,-662.00,257.00,459848
0,0,104.00,-1924.00,199.00,459871
0,0,-996.00,-1054.00,393.00,459894
0,0,-1486.00,-466.00,21.00,459917
0,0,-1456.00,656.00,239.00,459940
0,0,-616.00,1582.00,-139.00,459963
0,0,496.00,1140.00,75.00,459986
0,0,1142.00,786.00,-143.00,460009
0,0,1458.00,-70.00,41.00,460032
0,0,1292.00,-1114.00,365.00,460056
0,0,160.00,-1400.00,249.00,460079
0,0,-1090.00,-588.00,-119.00,460102
0,0,-1436.00,-290.00,-125.00,460126
0,0,-1328.00,86.00,-315.00,460149
0,0,-402.00,1496.00,-275.00,460172
0,0,712.00,1684.00,99.00,460195
0,0,1410.00,740.00,-13.00,460219
0,0,1472.00,-484.00,1.00,460242
0,0,752.00,-1346.00,-113.00,460265
0.00,0.00,-618.00,860.00,-459.00,460371
0.00,0.00,1626.00,70.00,-329.00,460435
0.00,0.00,-708.00,-1430.00,29.00,460500
0.00,0.00,-1402.00,998.00,-249.00,460566
0.00,0.00,1386.00,994.00,55.00,460631
0.00,0.00,-34.00,-1404.00,393.00,460696
0.00,0.00,-1458.00,330.00,221.00,460761
0.00,0.00,1244.00,812.00,-89.00,460826
0.00,0.00,734.00,-1366.00,159.00,460892
0.00,0.00,-1302.00,1132.00,-155.00,460977
0,0,-274.00,1662.00,-289.00,461000
0,0,840.00,1272.00,127.00,461023
0,0,1408.00,836.00,-167.00,461046
0,0,1436.00,-234.00,347.00,461070
0,0,824.00,-1538.00,-1.00,461093
0,0,-724.00,-1800.00,407.00,461116
0,0,-1240.00,-790.00,173.00,461139
0,0,-1442.00,14.00,-93.00,461162
0,0,-1164.00,1078.00,131.00,461185
0,0,-202.00,1586.00,-421.00,461208
0,0,768.00,1216.00,23.00,461231
0,0,1396.00,364.00,45.00,461254
0,0,1384.00,-126.00,361.00,461277
0,0,760.00,-1462.00,-97.00,461300
0,0,-674.00,-2034.00,-191.00,461323
0,0,-1128.00,-840.00,-19.00,461346
0,0,-1544.00,172.00,-1.00,461370
0,0,-954.00,1270.00,-167.00,461393
0,0,-124.00,1690.00,-249.00,461416
0,0,1096.00,772.00,-207.00,461439
0,0,1480.00,384.00,-47.00,461462
0,0,1332.00,-406.00,437.00,461485
0,0,710.00,-1108.00,229.00,461508
0,0,-614.00,-1776.00,35.00,461531
0,0,-1130.00,-926.00,17.00,461554
0,0,-1486.00,6.00,-41.00,461577
0,0,-792.00,1120.00,155.00,461600
0,0,74.00,1660.00,-145.00,461623
0,0,1052.00,1300.00,-183.00,461646
0,0,1514.00,400.00,79.00,461669
0,0,1360.00,-726.00,297.00,461692
0,0,712.00,-1468.00,-33.00,461715
0,0,-696.00,-1382.00,63.00,461738
0,0,-1386.00,-544.00,67.00,461761
0,0,-1428.00,-6.00,-123.00,461785
0,0,-900.00,1100.00,-371.00,461808
0,0,160.00,1774.00,-135.00,461832
0,0,1252.00,802.00,-235.00,461855
0,0,1510.00,274.00,123.00,461878
0,0,1146.00,-1408.00,165.00,461901
0,0,260.00,-1764.00,53.00,461924
0,0,-770.00,-1620.00,119.00,461947
0,0,-1424.00,-562.00,9.00,461971
0,0,-1466.00,758.00,235.00,461994
0,0,-632.00,1074.00,-171.00,462018
0,0,348.00,1486.00,-83.00,462041
0,0,1210.00,998.00,-339.00,462064
0,0,1502.00,10.00,143.00,462087
0,0,1340.00,-824.00,-273.00,462111
0,0,6.00,-1760.00,383.00,462134
0,0,-918.00,-994.00,7.00,462157
0,0,-1386.00,-578.00,-189.00,462180
0,0,-1344.00,478.00,-25.00,462203
0,0,-622.00,1882.00,-65.00,462226
0,0,672.00,1412.00,-1.00,462249
0,0,1286.00,812.00,-31.00,462272
0,0,1470.00,126.00,171.00,462295
0,0,1186.00,-1546.00,291.00,462318
0,0,38.00,-1480.00,327.00,462342
0,0,-1110.00,-1104.00,-7.00,462366
0,0,-1408.00,-500.00,-211.00,462389
0,0,-1302.00,-66.00,-405.00,462412
0,0,-494.00,1336.00,-203.00,462436
0,0,740.00,1622.00,233.00,462459
0,0,1510.00,826.00,-199.00,462482
0,0,1472.00,-460.00,-143.00,462505
0,0,734.00,-1442.00,-209.00,462529
0,0,-228.00,-1522.00,607.00,462552
0,0,-1066.00,-1288.00,-75.00,462575
0,0,-1474.00,-38.00,-133.00,462598
0,0,-1324.00,552.00,93.00,462621
0,0,-178.00,1470.00,-215.00,462644
0,0,920.00,1458.00,229.00,462667
0,0,1496.00,276.00,-131.00,462690
0,0,1554.00,-386.00,57.00,462714
0,0,530.00,-1166.00,-337.00,462737
0,0,-598.00,-1558.00,385.00,462760
0,0,-1054.00,-892.00,207.00,462783
0,0,-1576.00,-108.00,-327.00,462806
0,0,-1374.00,928.00,185.00,462830
0.00,0.00,1424.00,-414.00,51.00,462915
0.00,0.00,-984.00,-1402.00,-47.00,462981
0.00,0.00,-756.00,1416.00,-25.00,463046
0.00,0.00,1428.00,588.00,343.00,463111
0.00,0.00,-630.00,-1340.00,277.00,463176
0.00,0.00,-1286.00,992.00,197.00,463241
0.00,0.00,1422.00,912.00,-453.00,463306
0.00,0.00,-86.00,-1580.00,-197.00,463371
0.00,0.00,-1556.00,396.00,147.00,463435
0.00,0.00,1520.00,248.00,133.00,463520
0,0,1366.00,-762.00,305.00,463544
0,0,400.00,-1678.00,-35.00,463567
0,0,-886.00,-1426.00,331.00,463590
0,0,-1258.00,-978.00,195.00,463614
0,0,-1542.00,458.00,199.00,463637
0,0,-960.00,1430.00,-55.00,463660
0,0,154.00,1476.00,-219.00,463683
0,0,1388.00,930.00,-333.00,463707
0,0,1568.00,398.00,145.00,463730
0,0,326.00,-1926.00,31.00,463773
0,0,-734.00,-1564.00,257.00,463797
0,0,-1350.00,-996.00,-153.00,463820
0,0,-1510.00,448.00,9.00,463843
0,0,-708.00,1344.00,147.00,463866
0,0,382.00,1490.00,-25.00,463889
0,0,1230.00,1000.00,-167.00,463913
0,0,1522.00,120.00,103.00,463936
0,0,1316.00,-310.00,735.00,463959
0,0,222.00,-1984.00,127.00,463982
0,0,-1034.00,-1306.00,145.00,464006
0,0,-1502.00,-294.00,85.00,464029
0,0,-1454.00,62.00,-77.00,464052
0,0,-702.00,1228.00,-357.00,464075
0,0,452.00,1426.00,-23.00,464099
0,0,1304.00,396.00,-433.00,464122
0,0,1456.00,120.00,51.00,464145
0,0,1250.00,-886.00,377.00,464168
0,0,4.00,-1610.00,211.00,464192
0,0,-1050.00,-1466.00,21.00,464215
0,0,-1470.00,-224.00,-19.00,464238
0,0,-1326.00,1098.00,149.00,464261
0,0,-430.00,1574.00,-73.00,464284
0,0,654.00,1596.00,-15.00,464307
0,0,1270.00,630.00,-251.00,464331
0,0,1478.00,-338.00,111.00,464354
0,0,926.00,-1156.00,-243.00,464377
0,0,-118.00,-1888.00,-13.00,464400
0,0,-992.00,-1186.00,57.00,464423
0,0,-1516.00,-100.00,-157.00,464447
0,0,-1372.00,314.00,-453.00,464470
0,0,-358.00,1550.00,-257.00,464493
0,0,876.00,1134.00,7.00,464516
0,0,1504.00,718.00,183.00,464540
0,0,1566.00,-64.00,309.00,464563
0,0,696.00,-1504.00,-541.00,464586
0,0,-348.00,-1922.00,-19.00,464610
0,0,-1112.00,-850.00,139.00,464633
0,0,-1512.00,-132.00,-245.00,464656
0,0,-1236.00,1436.00,-457.00,464679
0,0,-190.00,1558.00,-245.00,464702
0,0,786.00,1396.00,37.00,464725
0,0,1506.00,348.00,-237.00,464748
0,0,1358.00,-476.00,179.00,464771
0,0,904.00,-1096.00,45.00,464794
0,0,-592.00,-1946.00,97.00,464818
0,0,-1270.00,-818.00,179.00,464841
0,0,-1522.00,162.00,-15.00,464864
0,0,-1090.00,1470.00,57.00,464888
0,0,-72.00,1348.00,-261.00,464911
0,0,884.00,1130.00,-291.00,464935
0,0,1274.00,692.00,315.00,464958
0,0,1492.00,-982.00,269.00,464981
0,0,716.00,-1354.00,145.00,465004
0,0,-550.00,-988.00,369.00,465027
0,0,-1302.00,-676.00,109.00,465050
0,0,-1528.00,112.00,-61.00,465074
0,0,-968.00,1292.00,-363.00,465097
0,0,128.00,1892.00,-131.00,465120
0,0,1264.00,944.00,-119.00,465143
0,0,1514.00,324.00,241.00,465167
0,0,1110.00,-1222.00,115.00,465190
0,0,370.00,-1906.00,35.00,465213
0,0,-866.00,-1448.00,185.00,465236
0,0,-1348.00,-966.00,-71.00,465259
0,0,-1436.00,288.00,63.00,465282
0,0,-642.00,1052.00,-37.00,465305
0,0,300.00,1742.00,-65.00,465328
0,0,1338.00,1004.00,-277.00,465352
0,0,1514.00,228.00,115.00,465375
0.00,0.00,-1152.00,-862.00,-89.00,465460
0.00,0.00,-124.00,1632.00,-209.00,465525
0.00,0.00,1428.00,-280.00,149.00,465590
0.00,0.00,-1082.00,-938.00,229.00,465655
0.00,0.00,-874.00,1298.00,-155.00,465720
0.00,0.00,1512.00,374.00,119.00,465785
0.00,0.00,-690.00,-1744.00,-11.00,465850
0.00,0.00,-1060.00,1254.00,-53.00,465915
0.00,0.00,1524.00,592.00,41.00,465980
0.00,0.00,-1028.00,-1162.00,99.00,466065
0,0,-1508.00,-202.00,45.00,466089
0,0,-1454.00,426.00,113.00,466112
0,0,-312.00,1222.00,-305.00,466135
0,0,768.00,1582.00,-5.00,466158
0,0,1396.00,700.00,-15.00,466181
0,0,1400.00,-268.00,35.00,466204
0,0,726.00,-1342.00,-37.00,466228
0,0,-272.00,-1250.00,549.00,466251
0,0,-1090.00,-1178.00,7.00,466274
0,0,-1446.00,2.00,-127.00,466297
0,0,-1346.00,826.00,-153.00,466320
0,0,-206.00,1536.00,-351.00,466343
0,0,876.00,1336.00,79.00,466366
0,0,1412.00,1016.00,259.00,466389
0,0,1716.00,-600.00,35.00,466412
0,0,462.00,-1432.00,-205.00,466435
0,0,-282.00,-1510.00,121.00,466459
0,0,-1012.00,-852.00,15.00,466482
0,0,-1510.00,-84.00,-303.00,466505
0,0,-1358.00,674.00,-389.00,466528
0,0,-58.00,1454.00,-335.00,466551
0,0,846.00,1280.00,27.00,466574
0,0,1470.00,564.00,83.00,466597
0,0,1482.00,-440.00,145.00,466621
0,0,640.00,-1424.00,-101.00,466644
0,0,-704.00,-1750.00,73.00,466667
0,0,-1186.00,-916.00,167.00,466691
0,0,-1462.00,122.00,-31.00,466714
0,0,-1064.00,1100.00,-339.00,466738
0,0,116.00,1518.00,-53.00,466761
0,0,1124.00,1370.00,-285.00,466785
0,0,1408.00,692.00,301.00,466808
0,0,1410.00,-1304.00,-39.00,466831
0,0,378.00,-1936.00,-59.00,466854
0,0,-566.00,-1298.00,5.00,466877
0,0,-1460.00,-500.00,111.00,466900
0,0,-1408.00,332.00,-21.00,466923
0,0,-960.00,1358.00,-563.00,466946
0,0,206.00,1750.00,-131.00,466970
0,0,1316.00,964.00,-143.00,466993
0,0,1496.00,334.00,217.00,467016
0,0,1380.00,-940.00,-65.00,467040
0,0,192.00,-1904.00,215.00,467063
0,0,-950.00,-1670.00,-7.00,467086
0,0,-1488.00,-728.00,-103.00,467109
0,0,-1540.00,460.00,159.00,467132
0,0,-732.00,1006.00,-327.00,467156
0,0,348.00,1602.00,43.00,467179
0,0,1262.00,954.00,-327.00,467202
0,0,1502.00,178.00,79.00,467225
0,0,1126.00,-614.00,385.00,467248
0,0,-2.00,-1576.00,311.00,467271
0,0,-882.00,-1708.00,-95.00,467294
0,0,-1480.00,-502.00,25.00,467317
0,0,-1302.00,544.00,191.00,467340
0,0,-536.00,1526.00,-7.00,467364
0,0,586.00,1548.00,19.00,467387
0,0,1372.00,950.00,-247.00,467410
0,0,1532.00,-114.00,183.00,467433
0,0,1134.00,-1416.00,-127.00,467457
0,0,-44.00,-1822.00,-183.00,467480
0,0,-932.00,-802.00,229.00,467503
0,0,-1478.00,-310.00,-183.00,467526
0,0,-1486.00,780.00,79.00,467549
0,0,-370.00,1294.00,-371.00,467572
0,0,686.00,1582.00,55.00,467595
0,0,1336.00,650.00,-183.00,467618
0,0,1504.00,-414.00,75.00,467641
0,0,828.00,-1418.00,205.00,467665
0,0,-166.00,-1444.00,517.00,467688
0,0,-1110.00,-1130.00,-15.00,467711
0,0,-1428.00,64.00,-187.00,467734
0,0,-1274.00,316.00,541.00,467757
0,0,-196.00,1870.00,-173.00,467780
0,0,936.00,1150.00,43.00,467803
0,0,1384.00,578.00,-105.00,467826
0,0,1518.00,-518.00,47.00,467849
0,0,700.00,-1490.00,-321.00,467872
0,0,-370.00,-1936.00,-81.00,467895
0,0,-978.00,-792.00,183.00,467918
0.00,0.00,1230.00,1088.00,-163.00,468023
0.00,0.00,248.00,-1920.00,217.00,468088
0.00,0.00,-1372.00,294.00,-65.00,468153
0.00,0.00,838.00,1268.00,-57.00,468218
0.00,0.00,612.00,-1294.00,-381.00,468283
0.00,0.00,-1496.00,-228.00,-95.00,468349
0.00,0.00,540.00,1304.00,-91.00,468414
0.00,0.00,1266.00,-598.00,709.00,468479
0.00,0.00,-1216.00,-830.00,-25.00,468544
0.00,0.00,732.00,1258.00,-127.00,468629
0,0,1312.00,314.00,-173.00,468652
0,0,1252.00,172.00,155.00,468676
0,0,890.00,-1204.00,5.00,468699
0,0,-110.00,-1194.00,699.00,468722
0,0,-780.00,-838.00,67.00,468746
0,0,-1004.00,-694.00,-179.00,468769
0,0,-1106.00,388.00,-97.00,468792
0,0,-742.00,1014.00,67.00,468815
0,0,-22.00,1406.00,-235.00,468838
0,0,904.00,938.00,-143.00,468861
0,0,1212.00,346.00,69.00,468884
0,0,1114.00,-468.00,-127.00,468908
0,0,400.00,-1272.00,189.00,468931
0,0,-250.00,-1324.00,-77.00,468954
0,0,-618.00,-1138.00,35.00,468977
0,0,-878.00,-342.00,-89.00,469001
0,0,-1010.00,374.00,-83.00,469024
0,0,-734.00,1204.00,-163.00,469048
0,0,-124.00,1166.00,-133.00,469071
0,0,518.00,1078.00,37.00,469095
0,0,940.00,484.00,-129.00,469118
0,0,1020.00,6.00,71.00,469141
0,0,692.00,-724.00,39.00,469164
0,0,390.00,-1182.00,-13.00,469187
0,0,-246.00,-640.00,177.00,469210
0,0,-690.00,-774.00,123.00,469233
0,0,-884.00,-348.00,1.00,469256
0,0,-784.00,412.00,221.00,469279
0,0,-556.00,1046.00,309.00,469302
0,0,-218.00,760.00,29.00,469325
0,0,214.00,722.00,-109.00,469348
0,0,666.00,514.00,-29.00,469371
0,0,796.00,332.00,33.00,469394
0,0,736.00,-240.00,77.00,469417
0,0,680.00,-904.00,-277.00,469441
0,0,160.00,-860.00,149.00,469464
0,0,-186.00,-660.00,259.00,469487
0,0,-468.00,-508.00,101.00,469510
0,0,-644.00,-264.00,61.00,469534
0,0,-712.00,178.00,-57.00,469557
0,0,-652.00,144.00,-201.00,469580
0,0,-326.00,582.00,-203.00,469603
0,0,6.00,892.00,13.00,469626
0,0,268.00,662.00,9.00,469649
0,0,650.00,266.00,-67.00,469673
0,0,640.00,182.00,-47.00,469696
0,0,552.00,-110.00,43.00,469719
0,0,546.00,-762.00,-33.00,469742
0,0,126.00,-650.00,-51.00,469766
0,0,-148.00,-548.00,53.00,469789
0,0,-202.00,-538.00,33.00,469812
0,0,-426.00,-364.00,-53.00,469836
0,0,-512.00,-110.00,35.00,469859
0,0,-476.00,76.00,47.00,469883
0,0,-402.00,-188.00,-133.00,469906
0,0,-248.00,330.00,-149.00,469929
0,0,50.00,430.00,7.00,469952
0,0,156.00,662.00,-101.00,469976
0,0,366.00,440.00,47.00,469999
0,0,436.00,132.00,-43.00,470022
0,0,452.00,26.00,-49.00,470045
0,0,468.00,-134.00,81.00,470068
0,0,324.00,-412.00,-197.00,470091
0,0,120.00,-376.00,165.00,470114
0,0,58.00,-482.00,61.00,470138
0,0,-94.00,-464.00,-63.00,470161
0,0,-282.00,-276.00,71.00,470184
0,0,-324.00,-156.00,75.00,470207
0,0,-290.00,-40.00,37.00,470230
0,0,-344.00,184.00,23.00,470254
0,0,-202.00,302.00,-27.00,470277
0,0,-190.00,276.00,-5.00,470300
0,0,-64.00,292.00,-69.00,470323
0,0,-18.00,302.00,-105.00,470346
0,0,118.00,340.00,-33.00,470369
0,0,204.00,206.00,-45.00,470392
0,0,302.00,130.00,-57.00,470415
0,0,312.00,24.00,-1.00,470438
0,0,278.00,30.00,55.00,470461
0,0,292.00,-178.00,41.00,470484
0,0,62.00,-558.00,-135.00,470507
0,0,98.00,-406.00,-5.00,470530
0,0,138.00,-410.00,43.00,470553
0,0,-54.00,-208.00,-81.00,470577
0,0,-22.00,-286.00,73.00,470600
0,0,-112.00,-274.00,-45.00,470623
0,0,-180.00,-98.00,29.00,470646
0,0,-206.00,-32.00,33.00,470670
0,0,-200.00,18.00,-15.00,470693
0,0,-160.00,124.00,11.00,470716
0,0,-170.00,104.00,73.00,470740
0,0,-190.00,212.00,-175.00,470763
0,0,-126.00,262.00,-17.00,470786
0.00,0.00,120.00,178.00,-15.00,470891
0.00,0.00,108.00,128.00,21.00,470956
0.00,0.00,140.00,-18.00,-9.00,471022
0.00,0.00,130.00,-10.00,-25.00,471086
0.00,0.00,-18.00,-158.00,27.00,471152
0.00,0.00,-70.00,-50.00,-3.00,471217
0.00,0.00,-90.00,-16.00,13.00,471282
0.00,0.00,-68.00,38.00,-5.00,471348
0.00,0.00,-74.00,28.00,-11.00,471413
0.00,0.00,-40.00,88.00,25.00,471499
0,0,-44.00,-8.00,-7.00,471522
0,0,-24.00,26.00,-19.00,471545
0,0,-2.00,-20.00,-37.00,471568
0,0,-16.00,18.00,-25.00,471592
0,0,8.00,40.00,-9.00,471615
0,0,0.00,76.00,-5.00,471638
0,0,40.00,6.00,-31.00,471662
0,0,28.00,60.00,-13.00,471685
0,0,32.00,52.00,19.00,471708
0,0,4.00,38.00,23.00,471731
0,0,24.00,14.00,1.00,471754
0,0,62.00,22.00,-35.00,471778
0,0,30.00,16.00,3.00,471801
0,0,28.00,-8.00,5.00,471824
0,0,32.00,-28.00,-19.00,471847
0,0,22.00,6.00,-13.00,471871
0,0,34.00,6.00,19.00,471894
0,0,24.00,14.00,3.00,471917
0,0,6.00,-32.00,13.00,471940
0,0,26.00,8.00,-17.00,471964
0,0,12.00,-22.00,25.00,471987
0,0,28.00,18.00,-1.00,472010
0,0,2.00,-6.00,9.00,472033
0,0,2.00,-22.00,15.00,472056
0,0,20.00,16.00,13.00,472079
0,0,-2.00,-70.00,-3.00,472102
0,0,36.00,-26.00,-7.00,472125
0,0,18.00,12.00,-11.00,472148
0,0,-24.00,-74.00,19.00,472172
0,0,74.00,166.00,-17.00,472195
0,0,-10.00,6.00,13.00,472219
0,0,24.00,42.00,33.00,472242
0,0,-10.00,-10.00,13.00,472265
0,0,-18.00,-24.00,-9.00,472288
0,0,-16.00,18.00,5.00,472312
0,0,2.00,-4.00,7.00,472335
0,0,-10.00,-8.00,7.00,472358
0,0,6.00,-2.00,9.00,472382
0,0,6.00,-24.00,7.00,472405
0,0,2.00,-14.00,9.00,472428
0,0,-10.00,-14.00,17.00,472451
0,0,-2.00,-4.00,-15.00,472475
0,0,-8.00,-10.00,-11.00,472498
0,0,0.00,-10.00,1.00,472521
0,0,-28.00,-14.00,-9.00,472545
0,0,-12.00,-6.00,17.00,472568
0,0,-18.00,-20.00,5.00,472591
0,0,8.00,0.00,9.00,472614
0,0,-20.00,-16.00,19.00,472637
0,0,-2.00,-16.00,-5.00,472660
0,0,-8.00,-12.00,23.00,472683
0,0,-2.00,-16.00,7.00,472706
0,0,28.00,4.00,-5.00,472730
0,0,-14.00,-6.00,-1.00,472753
0,0,-6.00,6.00,13.00,472776
0,0,-20.00,2.00,9.00,472799
0,0,-10.00,0.00,5.00,472822
0,0,-4.00,4.00,-1.00,472845
0,0,0.00,14.00,7.00,472869
0,0,-12.00,-14.00,17.00,472892
0,0,6.00,14.00,23.00,472915
0,0,10.00,8.00,17.00,472938
0,0,-12.00,-4.00,-1.00,472961
0,0,-6.00,2.00,3.00,472984
0,0,-2.00,-6.00,9.00,473007
0,0,0.00,-4.00,13.00,473031
0,0,2.00,-2.00,7.00,473054
0,0,8.00,20.00,3.00,473077
0,0,-10.00,4.00,-7.00,473101
0,0,-4.00,-2.00,1.00,473124
0,0,4.00,8.00,-17.00,473148
0,0,10.00,-8.00,-13.00,473171
0,0,0.00,26.00,1.00,473194
0,0,-12.00,4.00,5.00,473217
0,0,-18.00,-36.00,-17.00,473241
0,0,-2.00,-10.00,-7.00,473264
0,0,2.00,8.00,17.00,473287
0,0,-24.00,14.00,-9.00,473310
0,0,-20.00,12.00,-15.00,473333
0,0,12.00,10.00,15.00,473356
0,0,10.00,-12.00,9.00,473379
0,0,8.00,-6.00,-5.00,473402
0,0,-6.00,10.00,-11.00,473426
0,0,0.00,16.00,-11.00,473449
0,0,-6.00,-14.00,-17.00,473472
0,0,6.00,12.00,13.00,473495
0,0,8.00,0.00,5.00,473518
0,0,-8.00,-12.00,17.00,473542
0,0,18.00,-8.00,11.00,473565
0,0,-6.00,-26.00,-25.00,473588
0,0,6.00,10.00,11.00,473611
0,0,8.00,8.00,-29.00,473635
0,0,-4.00,6.00,-73.00,473658
0,0,-10.00,14.00,-19.00,473681
0,0,-14.00,2.00,-3.00,473704
0,0,-12.00,-6.00,13.00,473728
0,0,6.00,10.00,1.00,473751
0,0,8.00,4.00,-9.00,473774
0,0,12.00,-24.00,5.00,473797
0,0,-16.00,-2.00,21.00,473821
0,0,0.00,-2.00,-21.00,473844
0,0,8.00,18.00,1.00,473867
0,0,4.00,10.00,15.00,473890
0,0,0.00,-4.00,9.00,473913
0,0,-10.00,-4.00,1.00,473936
0,0,-8.00,-14.00,13.00,473960
0,0,-8.00,-4.00,9.00,473983
0,0,2.00,14.00,9.00,474005
0.00,0.00,6.00,10.00,15.00,474311
0.00,0.00,8.00,2.00,13.00,474376
0.00,0.00,6.00,-8.00,3.00,474441
0.00,0.00,-4.00,-8.00,11.00,474505
0.00,0.00,-16.00,-10.00,-11.00,474570
0.00,0.00,6.00,10.00,11.00,474635
0.00,0.00,8.00,0.00,1.00,474700
0.00,0.00,16.00,10.00,7.00,474766
0.00,0.00,2.00,-8.00,-7.00,474831
0.00,0.00,-2.00,0.00,13.00,474916
0,0,-8.00,-12.00,-1.00,474939
0,0,-6.00,20.00,5.00,474963
0,0,2.00,-2.00,21.00,474986
0,0,-2.00,-2.00,11.00,475009
0,0,12.00,-8.00,-3.00,475032
0,0,6.00,2.00,13.00,475056
0,0,8.00,12.00,-5.00,475080
0,0,-6.00,-2.00,1.00,475103
0,0,18.00,-4.00,-13.00,475126
0,0,2.00,-8.00,3.00,475149
0,0,-2.00,2.00,-9.00,475172
0,0,-4.00,10.00,-9.00,475196
0,0,0.00,6.00,9.00,475220
0,0,0.00,4.00,-13.00,475243
0,0,6.00,-4.00,1.00,475267
0,0,-4.00,-2.00,-21.00,475291
0,0,-2.00,10.00,-3.00,475314
0,0,0.00,6.00,-15.00,475338
0,0,2.00,-18.00,-3.00,475362
0,0,4.00,-6.00,-23.00,475385
0,0,2.00,-2.00,-3.00,475408
0,0,-8.00,14.00,1.00,475432
0,0,-18.00,-20.00,-19.00,475455
0,0,2.00,-2.00,5.00,475478
0,0,8.00,-10.00,23.00,475502
0,0,14.00,8.00,-27.00,475525
0,0,8.00,-18.00,-1.00,475549
0,0,-12.00,6.00,1.00,475572
0,0,-4.00,-8.00,-17.00,475596
0,0,10.00,-16.00,-7.00,475619
0,0,-6.00,0.00,3.00,475643
0,0,10.00,2.00,-5.00,475666
0,0,2.00,10.00,-7.00,475689
0,0,8.00,4.00,1.00,475713
0,0,2.00,-18.00,3.00,475737
0,0,0.00,-4.00,-17.00,475760
0,0,16.00,2.00,-15.00,475784
0,0,22.00,-10.00,-15.00,475808
0,0,0.00,18.00,-5.00,475831
0,0,4.00,-18.00,-3.00,475855
0,0,2.00,16.00,-27.00,475879
0,0,-14.00,-30.00,-15.00,475902
0,0,16.00,-4.00,13.00,475926
0,0,-2.00,6.00,3.00,475950
0,0,8.00,12.00,9.00,475973
0,0,10.00,-2.00,5.00,475997
0,0,2.00,-12.00,9.00,476021
0,0,16.00,-18.00,5.00,476044
0,0,6.00,8.00,-7.00,476068
0,0,10.00,6.00,-7.00,476091
0,0,-24.00,28.00,-3.00,476115
0,0,-10.00,2.00,5.00,476138
0,0,6.00,-22.00,3.00,476161
0,0,0.00,-26.00,-5.00,476184
0,0,16.00,-6.00,-5.00,476208
0,0,-4.00,26.00,-17.00,476231
0,0,-18.00,10.00,1.00,476255
0,0,0.00,4.00,5.00,476278
0,0,-10.00,4.00,-25.00,476302
0,0,14.00,-8.00,-13.00,476326
0,0,14.00,-10.00,-13.00,476349
0,0,-10.00,18.00,-15.00,476373
0,0,-10.00,10.00,-7.00,476396
0,0,6.00,14.00,7.00,476420
0,0,4.00,-6.00,15.00,476443
0,0,0.00,-28.00,15.00,476467
0,0,4.00,2.00,9.00,476491
0,0,-8.00,22.00,-11.00,476514
0,0,-4.00,10.00,-7.00,476538
0,0,12.00,0.00,1.00,476561
0,0,8.00,-10.00,-1.00,476585
0,0,10.00,-2.00,7.00,476609
0,0,6.00,8.00,37.00,476632
0,0,-14.00,8.00,-13.00,476655
0,0,8.00,-4.00,1.00,476678
0,0,-6.00,-6.00,-3.00,476702
0,0,8.00,-6.00,3.00,476725
0,0,12.00,-6.00,-27.00,476749
0,0,2.00,-2.00,5.00,476773
0,0,-12.00,-24.00,-1.00,476796
0,0,-2.00,-4.00,23.00,476820
0,0,8.00,-22.00,21.00,476843
0,0,-6.00,-12.00,-1.00,476867
0,0,-2.00,-12.00,1.00,476891
0,0,-14.00,0.00,-15.00,476914
0,0,0.00,-2.00,-9.00,476938
0,0,0.00,-8.00,-3.00,476961
0,0,12.00,8.00,-7.00,476985
0,0,0.00,2.00,-7.00,477009
0,0,-14.00,2.00,-1.00,477032
0,0,4.00,-10.00,-5.00,477056
0,0,6.00,6.00,5.00,477079
0,0,0.00,-20.00,-1.00,477103
0,0,10.00,12.00,-7.00,477127
0,0,6.00,-2.00,21.00,477150
0,0,4.00,10.00,-7.00,477174
0,0,6.00,16.00,9.00,477197
0,0,6.00,-10.00,19.00,477220
0,0,12.00,14.00,-17.00,477243
0,0,-2.00,-6.00,19.00,477267
0,0,8.00,4.00,13.00,477291
0,0,2.00,8.00,1.00,477314
0,0,-14.00,-6.00,19.00,477337
0,0,-4.00,6.00,17.00,477361
0,0,10.00,14.00,-3.00,477385
0,0,4.00,38.00,-15.00,477409
0,0,4.00,8.00,3.00,477432
0.00,0.00,4.00,10.00,7.00,477719
0.00,0.00,8.00,-22.00,-21.00,477783
0.00,0.00,12.00,18.00,-3.00,477849
0.00,0.00,4.00,2.00,13.00,477915
0.00,0.00,4.00,12.00,3.00,477980
0.00,0.00,6.00,22.00,25.00,478046
0.00,0.00,8.00,30.00,7.00,478111
0.00,0.00,-8.00,-2.00,-17.00,478176
0.00,0.00,-2.00,-10.00,67.00,478240
0.00,0.00,-14.00,2.00,-47.00,478305
0,0,6.00,-8.00,-39.00,478329
0,0,12.00,-2.00,9.00,478353
0,0,-4.00,16.00,39.00,478376
0,0,4.00,0.00,43.00,478400
0,0,-12.00,-12.00,21.00,478423
0,0,18.00,2.00,11.00,478446
0,0,10.00,-28.00,27.00,478470
0,0,8.00,16.00,7.00,478493
0,0,-12.00,2.00,17.00,478517
0,0,-2.00,6.00,-7.00,478540
0,0,-4.00,-24.00,-13.00,478564
0,0,-10.00,-4.00,-11.00,478588
0,0,-12.00,10.00,-83.00,478611
0,0,16.00,-12.00,3.00,478635
0,0,-4.00,-4.00,55.00,478658
0,0,4.00,8.00,15.00,478682
0,0,-6.00,-14.00,3.00,478705
0,0,10.00,2.00,-49.00,478728
0,0,12.00,0.00,-9.00,478752
0,0,4.00,4.00,15.00,478775
0,0,-10.00,18.00,29.00,478798
0,0,0.00,8.00,9.00,478822
0,0,12.00,-18.00,9.00,478845
0,0,10.00,-28.00,29.00,478869
0,0,14.00,-34.00,39.00,478892
0,0,-18.00,14.00,3.00,478916
0,0,6.00,18.00,-1.00,478939
0,0,-6.00,4.00,7.00,478963
0,0,6.00,-18.00,3.00,478986
0,0,2.00,-6.00,-17.00,479010
0,0,-20.00,-4.00,1.00,479034
0,0,-6.00,18.00,25.00,479057
0,0,-18.00,12.00,-37.00,479080
0,0,-30.00,4.00,-17.00,479103
0,0,14.00,-16.00,1.00,479127
0,0,-10.00,-20.00,49.00,479150
0,0,8.00,-2.00,51.00,479174
0,0,4.00,12.00,-1.00,479197
0,0,-10.00,6.00,1.00,479221
0,0,12.00,-20.00,7.00,479244
0,0,0.00,-8.00,11.00,479268
0,0,0.00,-2.00,1.00,479292
0,0,12.00,-2.00,-11.00,479316
0,0,8.00,-8.00,-15.00,479340
0,0,-8.00,-8.00,17.00,479363
0,0,10.00,10.00,13.00,479387
0,0,18.00,-2.00,43.00,479410
0,0,2.00,-18.00,35.00,479433
0,0,10.00,-20.00,23.00,479457
0,0,4.00,4.00,-1.00,479480
0,0,12.00,-6.00,47.00,479504
0,0,12.00,-8.00,25.00,479548
0,0,-10.00,10.00,-23.00,479571
0,0,10.00,2.00,1.00,479595
0,0,-2.00,-14.00,29.00,479618
0,0,14.00,6.00,1.00,479641
0,0,8.00,-6.00,15.00,479664
0,0,-4.00,26.00,-3.00,479688
0,0,-12.00,10.00,41.00,479712
0,0,-16.00,-2.00,3.00,479735
0,0,4.00,-6.00,-11.00,479758
0,0,14.00,0.00,21.00,479781
0,0,6.00,-2.00,55.00,479804
0,0,-2.00,6.00,-7.00,479828
0,0,-4.00,8.00,-49.00,479872
0,0,10.00,-4.00,-19.00,479895
0,0,-10.00,0.00,-15.00,479919
0,0,-14.00,18.00,3.00,479942
0,0,-12.00,10.00,-25.00,479966
0,0,6.00,-40.00,-31.00,479989
0,0,-4.00,-48.00,11.00,480013
0,0,12.00,-8.00,9.00,480036
0,0,-18.00,10.00,-19.00,480059
0,0,-18.00,26.00,-1.00,480082
0,0,-4.00,12.00,23.00,480106
0,0,10.00,12.00,11.00,480130
0,0,4.00,-12.00,17.00,480153
0,0,-16.00,-12.00,-11.00,480197
0,0,0.00,4.00,9.00,480220
0,0,-6.00,4.00,1.00,480243
0,0,16.00,20.00,3.00,480266
0,0,-10.00,4.00,3.00,480289
0,0,-12.00,-14.00,-1.00,480313
0,0,6.00,-34.00,21.00,480337
0,0,10.00,-24.00,7.00,480360
0,0,10.00,-8.00,19.00,480384
0,0,-30.00,6.00,1.00,480408
0,0,-8.00,8.00,25.00,480431
0,0,14.00,0.00,3.00,480455
0,0,-2.00,-14.00,7.00,480479
0,0,0.00,18.00,13.00,480522
0,0,-10.00,-12.00,1.00,480546
0,0,6.00,26.00,5.00,480570
0,0,14.00,18.00,1.00,480593
0,0,-8.00,10.00,-9.00,480617
0,0,8.00,10.00,-5.00,480641
0,0,-4.00,0.00,11.00,480664
0,0,-6.00,-24.00,-27.00,480688
0,0,-2.00,0.00,-1.00,480711
0,0,22.00,10.00,11.00,480734
0,0,6.00,16.00,13.00,480757
0,0,2.00,2.00,3.00,480781
0,0,10.00,4.00,1.00,480804
0,0,6.00,-10.00,11.00,480828
