id,value,feed_id,created_at,lat,lon,ele
0FFNE4KKH2JF9RRJPRB1QC38DJ,2.98,2699864,2023-12-20 21:56:06 UTC,,,
0FFNE4NGB67ZVXC2NN2XMKGRP3,3.25,2699864,2023-12-20 21:56:13 UTC,,,
0FFNE4QDQC4KJQR0BSW2GJCNGZ,3.26,2699864,2023-12-20 21:56:19 UTC,,,
0FFNE4SAXPNCDJ1DTAJR5F1KPN,3.12,2699864,2023-12-20 21:56:25 UTC,,,
0FFNE4V8CWYEB0EFJ8WXFF1GG9,3.10,2699864,2023-12-20 21:56:32 UTC,,,
0FFNE4X5QA8R33N2X2Q5W2SF0G,3.14,2699864,2023-12-20 21:56:38 UTC,,,
0FFNE4Z39GYA7TCNPFGGJ9077V,2.92,2699864,2023-12-20 21:56:44 UTC,,,
0FFNE510GZ11AT2ADX5B8P2C6Y,2.74,2699864,2023-12-20 21:56:50 UTC,,,
0FFNE52XXDGW957BVMV7WY3MWZ,2.85,2699864,2023-12-20 21:56:57 UTC,,,
0FFNE54V91T2EHZGWD0HJK62CM,3.03,2699864,2023-12-20 21:57:03 UTC,,,
0FFNE56RQRERMVQ8HHPPAGDTQS,3.21,2699864,2023-12-20 21:57:09 UTC,,,
0FFNE58P416STQZZ3BSDVG53DW,3.26,2699864,2023-12-20 21:57:16 UTC,,,
0FFNE5ARC7JQ3AF7GKJJSN2PMW,3.30,2699864,2023-12-20 21:57:22 UTC,,,
0FFNE5CGZM9V2PN0C806X7472V,3.36,2699864,2023-12-20 21:57:28 UTC,,,
0FFNE5EE68A19AEFBN4P3528E1,3.27,2699864,2023-12-20 21:57:34 UTC,,,
0FFNE5GBMARAQAYP2D5TEHHW5Y,3.38,2699864,2023-12-20 21:57:41 UTC,,,
0FFNE5J94T0H4CAAJAP1FP736A,3.30,2699864,2023-12-20 21:57:47 UTC,,,
0FFNE5M6HQ40Q9AZFAB9RTCWVK,3.07,2699864,2023-12-20 21:57:53 UTC,,,
0FFNE5P3ZFKRD60TT1FBG4E444,2.96,2699864,2023-12-20 21:58:00 UTC,,,
0FFNE5R1923THN1G4Y4ZYQGYGD,3.00,2699864,2023-12-20 21:58:06 UTC,,,
0FFNE5SYMVJX7FZJJNEKK92ZXY,3.22,2699864,2023-12-20 21:58:12 UTC,,,
0FFNE5VVYW1G7XDNQ5QGJSWBCE,3.29,2699864,2023-12-20 21:58:18 UTC,,,
0FFNE5XSBWR9ZXT61QK5ZRZ1D6,3.34,2699864,2023-12-20 21:58:25 UTC,,,
0FFNE5ZPQ8W7144TWG5JY3DFQ2,3.42,2699864,2023-12-20 21:58:31 UTC,,,
0FFNE61M2X8MBNT5MM7F9CHRVE,3.53,2699864,2023-12-20 21:58:37 UTC,,,
0FFNE63HHD4M8Z0ZM1FQCT243Q,3.36,2699864,2023-12-20 21:58:44 UTC,,,
0FFNE65F13WX2XKHAVHKYJ8MY0,3.33,2699864,2023-12-20 21:58:50 UTC,,,
0FFNE67C8DWXNJ89H775KFDQJT,3.30,2699864,2023-12-20 21:58:56 UTC,,,
0FFNE699PKB5G486SZVND1H70T,3.22,2699864,2023-12-20 21:59:02 UTC,,,
0FFNE6B767Y5AWKSP7XZ9FN6Q7,3.08,2699864,2023-12-20 21:59:09 UTC,,,
0FFNE6D4EE48DETZKM75V1V0V2,2.94,2699864,2023-12-20 21:59:15 UTC,,,
0FFNE6F1WZWCVP8D08C0XMB7KM,2.93,2699864,2023-12-20 21:59:21 UTC,,,
0FFNE6GZ6N0P5FK8CAJYR3P5GG,2.97,2699864,2023-12-20 21:59:28 UTC,,,
0FFNE6JWKTS2BT1WZGVZBTB2XC,3.00,2699864,2023-12-20 21:59:34 UTC,,,
0FFNE6MT2CNYMHFCB3J8B0S806,3.01,2699864,2023-12-20 21:59:40 UTC,,,
0FFNE6PQE2DZQPSGCPV0Y3W5KG,3.10,2699864,2023-12-20 21:59:46 UTC,,,
0FFNE6RMRZ2YSBENMAG3X94Y6A,3.15,2699864,2023-12-20 21:59:53 UTC,,,
0FFNE6TJ5M0527P5JT8PETN71X,3.27,2699864,2023-12-20 21:59:59 UTC,,,
0FFNE6WFJBH5G5KK50512F9XX3,3.51,2699864,2023-12-20 22:00:05 UTC,,,
0FFNE6YCXPQK6H6S73JCPWFGTV,3.39,2699864,2023-12-20 22:00:12 UTC,,,
0FFNE70ADX58QZB28JG1EW9DR5,3.23,2699864,2023-12-20 22:00:18 UTC,,,
0FFNE727QNJXSJ31AB5YPR0S66,3.16,2699864,2023-12-20 22:00:24 UTC,,,
0FFNE7453YBDHEND9V0PRG1JTX,3.07,2699864,2023-12-20 22:00:30 UTC,,,
0FFNE762H9PY9F99BD99KZDAC7,2.88,2699864,2023-12-20 22:00:37 UTC,,,
0FFNE77ZXAFA726YCZTKVBXNB6,2.85,2699864,2023-12-20 22:00:43 UTC,,,
0FFNE79X9PRVFNY7KZPXTZ83X7,3.01,2699864,2023-12-20 22:00:49 UTC,,,
0FFNE7BTVN3Z7H3ABPP7DA3X9J,3.12,2699864,2023-12-20 22:00:56 UTC,,,
0FFNE7DR1STT9GQA3PZK4TV5S6,3.14,2699864,2023-12-20 22:01:02 UTC,,,
0FFNE7FNE5ZFA07M7YH8CPX6FR,3.15,2699864,2023-12-20 22:01:08 UTC,,,
0FFNE7HJV0K84C8KYXYECYWWBW,3.16,2699864,2023-12-20 22:01:14 UTC,,,
0FFNE7KGB0R89DDSNGX6E3GZ4K,3.33,2699864,2023-12-20 22:01:21 UTC,,,
0FFNE7NDK01ZF97EE0JRA0KBC2,3.30,2699864,2023-12-20 22:01:27 UTC,,,
0FFNE7QB3GR38NP207SE1BA87S,3.39,2699864,2023-12-20 22:01:33 UTC,,,
0FFNE7S8DP3AJTP71KGZ20A9QQ,3.32,2699864,2023-12-20 22:01:40 UTC,,,
0FFNE7V638TMMR7J3TGPVXPTQM,3.07,2699864,2023-12-20 22:01:46 UTC,,,
0FFNE7X37XKJZKF45JSRHVM0B2,2.78,2699864,2023-12-20 22:01:52 UTC,,,
0FFNE7Z0MFB159PS9N4AP5XMPF,2.57,2699864,2023-12-20 22:01:58 UTC,,,
0FFNE80XYVHKQ9XQRMZATVJ320,2.60,2699864,2023-12-20 22:02:05 UTC,,,
0FFNE82VC57BZ3SYSPENRWYSKX,2.75,2699864,2023-12-20 22:02:11 UTC,,,
0FFNE84RRXMFAHGY6YGYHGK3ZK,2.97,2699864,2023-12-20 22:02:17 UTC,,,
0FFNE86P8DKWMCRW06QF9HM82V,2.96,2699864,2023-12-20 22:02:24 UTC,,,
0FFNE88KF7DE26WDG7C1TV8P0H,3.04,2699864,2023-12-20 22:02:30 UTC,,,
0FFNE8AGX19M5YM34Z9E8XV8YS,3.02,2699864,2023-12-20 22:02:36 UTC,,,
0FFNE8CE92H3H9S51H3EQ9MXA1,2.99,2699864,2023-12-20 22:02:42 UTC,,,
0FFNE8EBSAW8K5Y3B2N4XSYFK3,3.00,2699864,2023-12-20 22:02:49 UTC,,,
0FFNE8G92T7DXWPFRY9QDTSBZW,3.26,2699864,2023-12-20 22:02:55 UTC,,,
0FFNE8J6HWHAHAAZZD4E09EE3H,3.59,2699864,2023-12-20 22:03:01 UTC,,,
0FFNE8M3TXH7CFX0YS41QYNV4P,3.50,2699864,2023-12-20 22:03:08 UTC,,,
0FFNE8P1AC0710V9GQWPAGR444,3.44,2699864,2023-12-20 22:03:14 UTC,,,
0FFNE8QYP01JB0B744473PFYNB,3.24,2699864,2023-12-20 22:03:20 UTC,,,
0FFNE8SVYR1VM9SJRHRCCCY0VV,3.28,2699864,2023-12-20 22:03:26 UTC,,,
0FFNE8VSCNJ7MGZX2H0MF75E1X,3.34,2699864,2023-12-20 22:03:33 UTC,,,
0FFNE8XPRM58H1WZ067MAYX13K,3.39,2699864,2023-12-20 22:03:39 UTC,,,
0FFNE8ZM6CZ4JR1SE0Z9VR9099,3.68,2699864,2023-12-20 22:03:45 UTC,,,
0FFNE91HHDBG604DK7GJ7VERBR,3.73,2699864,2023-12-20 22:03:52 UTC,,,
0FFNE93EZSCQDF9YC1XNEPBZSD,3.54,2699864,2023-12-20 22:03:58 UTC,,,
0FFNE95CAY1K38T9V5WTD4R9XV,3.46,2699864,2023-12-20 22:04:04 UTC,,,
0FFNE979Q6XP6J3GMZ2EY6Z05Y,3.45,2699864,2023-12-20 22:04:10 UTC,,,
0FFNE99740RGVKDX3PW4GGFYH0,3.35,2699864,2023-12-20 22:04:17 UTC,,,
0FFNE9B4G8H103DFYFG6WR0AK3,3.33,2699864,2023-12-20 22:04:23 UTC,,,
0FFNE9D1WA2H6AFWRARX9DBGDV,3.22,2699864,2023-12-20 22:04:29 UTC,,,
0FFNE9EZEHN15V78E56YRV36DR,3.02,2699864,2023-12-20 22:04:36 UTC,,,
0FFNE9GWSCQ15N1H23XQP3MK03,3.13,2699864,2023-12-20 22:04:42 UTC,,,
0FFNE9JT1FSYF3G1MKC8D8VBRZ,3.13,2699864,2023-12-20 22:04:48 UTC,,,
0FFNE9MQF0BCZVQQFAWHCXHNMT,3.01,2699864,2023-12-20 22:04:54 UTC,,,
0FFNE9PMV1MKV9YDGWFKET2VN5,2.91,2699864,2023-12-20 22:05:01 UTC,,,
0FFNE9RJBAGX6HH499M5WD6090,2.82,2699864,2023-12-20 22:05:07 UTC,,,
0FFNE9TFNC08NPV67TCD1C1J2X,2.94,2699864,2023-12-20 22:05:13 UTC,,,
0FFNE9WCZ81RYE9P7RMBKR8WSZ,2.64,2699864,2023-12-20 22:05:20 UTC,,,
0FFNE9YAJMMYAWBAW6SYS0W4SK,2.20,2699864,2023-12-20 22:05:26 UTC,,,
0FFNEA07T180F609PATYYTFW4N,2.01,2699864,2023-12-20 22:05:32 UTC,,,
0FFNEA254T86YEA6Z9VHENT4XY,2.08,2699864,2023-12-20 22:05:38 UTC,,,
0FFNEA42HV9H9A8X3H4DDASSFH,1.91,2699864,2023-12-20 22:05:45 UTC,,,
0FFNEA600MFE7DKCDP1DN71R9F,1.69,2699864,2023-12-20 22:05:51 UTC,,,
0FFNEA7XB48FBMJ8FRM8V1Z012,1.77,2699864,2023-12-20 22:05:57 UTC,,,
0FFNEA9TS6HQZT3A9EAAYPP85Q,1.79,2699864,2023-12-20 22:06:04 UTC,,,
0FFNEABR3WVSPEB51X75GB5QBK,1.74,2699864,2023-12-20 22:06:10 UTC,,,
0FFNEADNFKNCR2CHGRTEHM6C9H,1.64,2699864,2023-12-20 22:06:16 UTC,,,
0FFNEAFJVSJQZX67SCDXYBAAFZ,1.48,2699864,2023-12-20 22:06:22 UTC,,,
0FFNEAHGD8WB5ETG5YEJ88084H,1.54,2699864,2023-12-20 22:06:29 UTC,,,
0FFNEAKDQ06MKJ0CXQW438JFXR,1.60,2699864,2023-12-20 22:06:35 UTC,,,
0FFNEANB6VWY3TTQNYZ232VCQH,1.64,2699864,2023-12-20 22:06:41 UTC,,,
0FFNEAQ8F75RQ67XP33PEDWYXT,1.71,2699864,2023-12-20 22:06:48 UTC,,,
0FFNEAS5WNS7ZTDEMEH5VB001V,1.61,2699864,2023-12-20 22:06:54 UTC,,,
0FFNEAV38H4CET0N1V81ANXERP,1.55,2699864,2023-12-20 22:07:00 UTC,,,
0FFNEAX0MAS2AQZ8VPE0KM2P1B,1.80,2699864,2023-12-20 22:07:06 UTC,,,
0FFNEAYXZEM34BEBMHV921HKE5,1.87,2699864,2023-12-20 22:07:13 UTC,,,
0FFNEB0VCVHAX14MZTFCTVSRS5,1.84,2699864,2023-12-20 22:07:19 UTC,,,
0FFNEB2RRDN4GDBGJ44KYK2BVD,1.91,2699864,2023-12-20 22:07:25 UTC,,,
0FFNEB4P6FAEXAZH8SNR293Z3S,1.73,2699864,2023-12-20 22:07:32 UTC,,,
0FFNEB6KJVB1WXFSW7JDYKM96Y,7.73,2699864,2023-12-20 22:07:38 UTC,,,
0FFNEB8H32SXCWRV866G9KR0ZQ,21.31,2699864,2023-12-20 22:07:44 UTC,,,
0FFNEBAEA9V7YZ1TBHS00BXXFE,29.12,2699864,2023-12-20 22:07:50 UTC,,,
0FFNEBCBQCDBWCYAK0NMK01A6J,38.92,2699864,2023-12-20 22:07:57 UTC,,,
0FFNEBE94HV7CVX6VFFNGWRH24,42.79,2699864,2023-12-20 22:08:03 UTC,,,
0FFNEBG6HC80WPGE2GNQKA1P24,43.28,2699864,2023-12-20 22:08:09 UTC,,,
0FFNEBJ3YY5FH3411MG50KK1WR,41.82,2699864,2023-12-20 22:08:16 UTC,,,
0FFNEBM19KGCM5AKZ1J24199TP,37.43,2699864,2023-12-20 22:08:22 UTC,,,
0FFNEBNYRFFWP19KF0DHN6SGGS,33.85,2699864,2023-12-20 22:08:28 UTC,,,
0FFNEBQW2QT6YEPRWVKS61DVFZ,29.26,2699864,2023-12-20 22:08:34 UTC,,,
0FFNEBSSFY1KSQTKVK45YCZCGM,26.50,2699864,2023-12-20 22:08:41 UTC,,,
0FFNEBVPTWQYZAYAR0VSXARV3R,23.97,2699864,2023-12-20 22:08:47 UTC,,,
0FFNEBXM77NBP3RR7JWATQ607F,22.33,2699864,2023-12-20 22:08:53 UTC,,,
0FFNEBZHKN1APQ67ATGH66Z3ZX,21.12,2699864,2023-12-20 22:09:00 UTC,,,
0FFNEC1F084JF80R0JTYNZ0CD5,20.16,2699864,2023-12-20 22:09:06 UTC,,,
0FFNEC3CCPQCCB6F3E2SDP00YD,19.04,2699864,2023-12-20 22:09:12 UTC,,,
0FFNEC59TND8FZDWGH79CRTB22,17.84,2699864,2023-12-20 22:09:18 UTC,,,
0FFNEC777F20078688A4AXHSGM,17.04,2699864,2023-12-20 22:09:25 UTC,,,
0FFNEC94HBVHNXVR1395KPMAK5,16.62,2699864,2023-12-20 22:09:31 UTC,,,
0FFNECB202NJBH7PG5NWS5KRPY,16.73,2699864,2023-12-20 22:09:37 UTC,,,
0FFNECCZBBXEGW6R9WC1GAGA26,16.03,2699864,2023-12-20 22:09:44 UTC,,,
0FFNECEWVD2JFVVCN5D235XT7T,15.10,2699864,2023-12-20 22:09:50 UTC,,,
0FFNECGT5V2T39RK43A06WF2T7,14.32,2699864,2023-12-20 22:09:56 UTC,,,
0FFNECJQG1DNC1ZJNRGEJJMA7H,13.53,2699864,2023-12-20 22:10:02 UTC,,,
0FFNECMMYGK8041CQRSNKHYGEH,12.89,2699864,2023-12-20 22:10:09 UTC,,,
0FFNECPJA9NQ0QXKDBDX1WVCFZ,12.80,2699864,2023-12-20 22:10:15 UTC,,,
0FFNECRFQF1T6B25TH4NQFYR56,13.31,2699864,2023-12-20 22:10:21 UTC,,,
0FFNECTD3BN5M4KG3WH3KGP3PV,13.31,2699864,2023-12-20 22:10:28 UTC,,,
0FFNECWAF64JBRGKM78Y63J2TQ,13.00,2699864,2023-12-20 22:10:34 UTC,,,
0FFNECY7V5HV8SK4JWME4FYVK5,12.51,2699864,2023-12-20 22:10:40 UTC,,,
0FFNED058XW40ZBC98NWPGCJ6P,12.15,2699864,2023-12-20 22:10:46 UTC,,,
0FFNED22Q6PVHQ3YECSR1E5BZW,11.74,2699864,2023-12-20 22:10:53 UTC,,,
0FFNED400H78B3V625YMT4YVWQ,11.37,2699864,2023-12-20 22:10:59 UTC,,,
0FFNED5XDW0R3KQSCHQRVMJ9WJ,10.50,2699864,2023-12-20 22:11:05 UTC,,,
0FFNED7TSG0EB6RCJEXK8H2RC8,9.33,2699864,2023-12-20 22:11:12 UTC,,,
0FFNED9R80J30RBYMN2Y0GHFPH,8.75,2699864,2023-12-20 22:11:18 UTC,,,
0FFNEDBP081ZYDJBVK7K3C6FMN,7.94,2699864,2023-12-20 22:11:24 UTC,,,
0FFNEDDK0GCQG5J47D07DTA3GX,7.47,2699864,2023-12-20 22:11:30 UTC,,,
0FFNEDFGH65F6XPHS46YGMEWT4,7.08,2699864,2023-12-20 22:11:37 UTC,,,
0FFNEDHDQX215A7D7XX2BBNMAZ,6.58,2699864,2023-12-20 22:11:43 UTC,,,
0FFNEDKB4CBAAQHM3RDKRX2H23,9.70,2699864,2023-12-20 22:11:49 UTC,,,
0FFNEDN8GJMJQ51W3R7YCRDH5G,46.99,2699864,2023-12-20 22:11:56 UTC,,,
0FFNEDQ5XZG1R5FRH4HRTK46Q4,70.22,2699864,2023-12-20 22:12:02 UTC,,,
0FFNEDS3B65MXS044AR6NH6R22,71.67,2699864,2023-12-20 22:12:08 UTC,,,
0FFNEDV0P0M8ZFS9S4DE8E4RH8,68.48,2699864,2023-12-20 22:12:14 UTC,,,
0FFNEDWY2D3ESS7AS1ZJTXHB9X,53.44,2699864,2023-12-20 22:12:21 UTC,,,
0FFNEDYVMD5QYW4ZKW0DQC9E8D,46.50,2699864,2023-12-20 22:12:27 UTC,,,
0FFNEE0RX70Z23K1FXY1Y5Z6D5,43.25,2699864,2023-12-20 22:12:33 UTC,,,
0FFNEE2P9AK5F1F1W4R3DXPMWH,40.97,2699864,2023-12-20 22:12:40 UTC,,,
0FFNEE4KPW3SXC96V2161ZX3J5,38.74,2699864,2023-12-20 22:12:46 UTC,,,
0FFNEE6H4VDWK1DRN1G0V74WDS,36.41,2699864,2023-12-20 22:12:52 UTC,,,
0FFNEE8EMSX7S8JRV3A8B8GHEE,35.20,2699864,2023-12-20 22:12:58 UTC,,,
0FFNEEABV0W1HAQY4F1ZKM802Y,34.43,2699864,2023-12-20 22:13:05 UTC,,,
0FFNEEC96NBSF8JVR7TEVWZCN5,33.76,2699864,2023-12-20 22:13:11 UTC,,,
0FFNEEE6K1P4P6R44D7VAQK0GQ,33.43,2699864,2023-12-20 22:13:17 UTC,,,
0FFNEEG3ZVR8GRP2AABT1J72QZ,32.53,2699864,2023-12-20 22:13:24 UTC,,,
0FFNEEJ1CFB2QJM96WCX5F273K,31.89,2699864,2023-12-20 22:13:30 UTC,,,
0FFNEEKYT62V01719H2Y7DT6K1,31.74,2699864,2023-12-20 22:13:36 UTC,,,
0FFNEENW5M4G60SBRPQVACXHN0,31.40,2699864,2023-12-20 22:13:42 UTC,,,
0FFNEEQSH0E4FTT7FDJWVC72B9,30.74,2699864,2023-12-20 22:13:49 UTC,,,
0FFNEESPYAN94D2TGJR7NYF05B,30.37,2699864,2023-12-20 22:13:55 UTC,,,
0FFNEEVMF6W4BBAQWQ9D40SQQD,30.14,2699864,2023-12-20 22:14:01 UTC,,,
0FFNEEXHR6SD5NQNSBQPMKN0ND,29.60,2699864,2023-12-20 22:14:08 UTC,,,
0FFNEEZF3XSM8TMFHBGYNVWG4D,28.96,2699864,2023-12-20 22:14:14 UTC,,,
0FFNEF1CG6SC69T42BS4X390GX,29.07,2699864,2023-12-20 22:14:20 UTC,,,
0FFNEF39W8PZCKZ4D4Y4VZKVDN,28.48,2699864,2023-12-20 22:14:26 UTC,,,
0FFNEF578V6G6QDR8TBAMSTS63,28.48,2699864,2023-12-20 22:14:33 UTC,,,
0FFNEF74Q59B4CG8KHAM2A73JT,28.48,2699864,2023-12-20 22:14:39 UTC,,,
0FFNEF923EH2MRX25CMWEZSD8Z,28.48,2699864,2023-12-20 22:14:45 UTC,,,
0FFNEFAZED14451PXGVX3Z4YZK,28.34,2699864,2023-12-20 22:14:52 UTC,,,
0FFNEFCWTJ2KMZKFP5144VH0Q9,28.31,2699864,2023-12-20 22:14:58 UTC,,,
0FFNEFET7ZVNWZVNZ702T2TMZV,28.23,2699864,2023-12-20 22:15:04 UTC,,,
0FFNEFGQMWBZGK43MR14Q0JSYY,27.76,2699864,2023-12-20 22:15:10 UTC,,,
0FFNEFJNCEWCVFYSGGST6DHG7Q,26.71,2699864,2023-12-20 22:15:17 UTC,,,
0FFNEFMJFPV1VSXBSN27TMJZYF,25.62,2699864,2023-12-20 22:15:23 UTC,,,
0FFNEFPFSWAK7KMRMT3Y6DQP8M,25.91,2699864,2023-12-20 22:15:29 UTC,,,
0FFNEFRDCRN7JT8BGX5FGPFZDF,26.51,2699864,2023-12-20 22:15:36 UTC,,,
0FFNEFTAK2T0FYW46VDNMKZBW2,26.76,2699864,2023-12-20 22:15:42 UTC,,,
0FFNEFW84KR3N0HWZ29NMGTTJB,25.74,2699864,2023-12-20 22:15:48 UTC,,,
0FFNEFY5BHYG7RQM7B5ZZCR8BJ,25.24,2699864,2023-12-20 22:15:54 UTC,,,
0FFNEG02V46V0MV9BBM6JZKDDD,25.53,2699864,2023-12-20 22:16:01 UTC,,,
0FFNEG204B4NDSX2P3MNS7JFN7,25.97,2699864,2023-12-20 22:16:07 UTC,,,
0FFNEG3XHM34581XZZ0DMNRSRH,25.67,2699864,2023-12-20 22:16:13 UTC,,,
0FFNEG5TY0R7EEQA46CW9BSVQP,24.49,2699864,2023-12-20 22:16:20 UTC,,,
0FFNEG7RDAWXQXZM0217GDJ4WT,23.47,2699864,2023-12-20 22:16:26 UTC,,,
0FFNEG9NRF8DCPCJTKN46FYGVV,23.46,2699864,2023-12-20 22:16:32 UTC,,,
0FFNEGBKC11JJX0SAQMR21RSZ4,24.38,2699864,2023-12-20 22:16:39 UTC,,,
0FFNEGDGEK6Z98MN3X7SR331Z5,24.88,2699864,2023-12-20 22:16:45 UTC,,,
0FFNEGFDWV4TJR6ZPTTY1NFQM4,24.79,2699864,2023-12-20 22:16:51 UTC,,,
0FFNEGHBCNKNKPC7TAXSA46JTG,24.19,2699864,2023-12-20 22:16:57 UTC,,,
0FFNEGK8TJBTWPMPDJQKEETVCF,22.33,2699864,2023-12-20 22:17:04 UTC,,,
0FFNEGN613SN89171YT81PFQJ2,21.86,2699864,2023-12-20 22:17:10 UTC,,,
0FFNEGQ3HMMB38YASE6JXW9HM2,22.55,2699864,2023-12-20 22:17:16 UTC,,,
0FFNEGS0STACR3ATFXVVN2APP3,24.21,2699864,2023-12-20 22:17:22 UTC,,,
0FFNEGTY6VWA8HR2NK2MEDGVV5,25.48,2699864,2023-12-20 22:17:29 UTC,,,
0FFNEGWVJTFDZJR5RXS2KXJWPJ,26.21,2699864,2023-12-20 22:17:35 UTC,,,
0FFNEGYS1SKJBB0RAEAC7DS7N8,26.13,2699864,2023-12-20 22:17:41 UTC,,,
0FFNEH0PCZS3VXC809817G4S6J,25.42,2699864,2023-12-20 22:17:48 UTC,,,
0FFNEH2KS3T5TS931VQ9P312C4,24.79,2699864,2023-12-20 22:17:54 UTC,,,
0FFNEH4HD5CCYRHX8S184X5GDC,24.68,2699864,2023-12-20 22:18:00 UTC,,,
0FFNEH6EGPDXM2WV3FA5SB8W8D,25.61,2699864,2023-12-20 22:18:06 UTC,,,
0FFNEH8C01KQ1KW3JQAJN37PX9,25.85,2699864,2023-12-20 22:18:13 UTC,,,
0FFNEHA99M4RHRTFR1JQKGH77S,25.11,2699864,2023-12-20 22:18:19 UTC,,,
0FFNEHC6PEP4PW6YN6M2SG2253,24.11,2699864,2023-12-20 22:18:25 UTC,,,
0FFNEHE43VAB3332DJ2AJDF0C7,22.45,2699864,2023-12-20 22:18:32 UTC,,,
0FFNEHG1EKH1FVTYZF6KW4DEJP,20.54,2699864,2023-12-20 22:18:38 UTC,,,
0FFNEHHYZ0WX81B98G8QPYCB28,19.89,2699864,2023-12-20 22:18:44 UTC,,,
0FFNEHKWNJ80W2FZQ9P74BYW81,19.79,2699864,2023-12-20 22:18:51 UTC,,,
0FFNEHNSPH71QKERTEYKVCCXC7,19.30,2699864,2023-12-20 22:18:57 UTC,,,
0FFNEHQQ2NK1HDVRJRPB1JFRYX,18.65,2699864,2023-12-20 22:19:03 UTC,,,
0FFNEHSMF2KC6CE9JMP0HRXBC9,17.98,2699864,2023-12-20 22:19:09 UTC,,,
0FFNEHVJ0BJVXD4P64PTE9M651,19.23,2699864,2023-12-20 22:19:16 UTC,,,
0FFNEHXF7HHPB1TEGSZXA86ZVT,20.75,2699864,2023-12-20 22:19:22 UTC,,,
0FFNEHZCQ8B9D189S2A18Q3SJ7,21.95,2699864,2023-12-20 22:19:28 UTC,,,
0FFNEJ1A0WE15G8AD704FNMA0J,22.70,2699864,2023-12-20 22:19:34 UTC,,,
0FFNEJ37DRCZHR5ZSVPQYP4B9M,22.86,2699864,2023-12-20 22:19:41 UTC,,,
0FFNEJ54SBG2T2957ZZEJ87J1E,22.37,2699864,2023-12-20 22:19:47 UTC,,,
0FFNEJ724HQRE68C63MKGF4AA1,21.39,2699864,2023-12-20 22:19:53 UTC,,,
0FFNEJ8ZRDHEV5EP2643DF16W0,20.82,2699864,2023-12-20 22:20:00 UTC,,,
0FFNEJAWYJR7BMT5P96NA3VWHN,20.62,2699864,2023-12-20 22:20:06 UTC,,,
0FFNEJCTE667ZEH95H2Q1BWFZ1,20.70,2699864,2023-12-20 22:20:12 UTC,,,
0FFNEJEQPSE6J05ANFN34PVRW7,20.09,2699864,2023-12-20 22:20:18 UTC,,,
0FFNEJGN55TX84E3GGSF9HY2VP,19.15,2699864,2023-12-20 22:20:25 UTC,,,
0FFNEJJJK4ERMSDE3PTGAVA98M,19.50,2699864,2023-12-20 22:20:31 UTC,,,
0FFNEJMFVZJCJEA6XHR2ZAKAVB,19.63,2699864,2023-12-20 22:20:37 UTC,,,
0FFNEJPD9M01KT8TH7P4ZDR7ZX,18.68,2699864,2023-12-20 22:20:44 UTC,,,
0FFNEJRAPA6WNVKEKAX6WHZWD2,17.45,2699864,2023-12-20 22:20:50 UTC,,,
0FFNEJT832HP6DPVWBDWRHTPK2,17.01,2699864,2023-12-20 22:20:56 UTC,,,
0FFNEJW5EJATT1JMMDHVKFYVDN,17.10,2699864,2023-12-20 22:21:02 UTC,,,
0FFNEJY2TM2C80W0WQB7Q03X5N,17.56,2699864,2023-12-20 22:21:09 UTC,,,
0FFNEK0075CFXG005E0DEF8FM9,18.05,2699864,2023-12-20 22:21:15 UTC,,,
0FFNEK1XMCGDCVDMYF8HC2SW0X,18.16,2699864,2023-12-20 22:21:21 UTC,,,
0FFNEK3V274KK5KTHXQMBA160N,18.39,2699864,2023-12-20 22:21:28 UTC,,,
0FFNEK5RFSMPSV9RMX0CJA1Z1M,18.14,2699864,2023-12-20 22:21:34 UTC,,,
0FFNEK7NSQXPNTA2TMDKNK7WC0,17.76,2699864,2023-12-20 22:21:40 UTC,,,
0FFNEK9K8YVV1Y0VH539WN2YWE,17.03,2699864,2023-12-20 22:21:47 UTC,,,
0FFNEKBGJ6TB2A7ZZZFMYFQAKW,17.13,2699864,2023-12-20 22:21:53 UTC,,,
0FFNEKDDYTGMB806KB9KZHPGPJ,17.23,2699864,2023-12-20 22:21:59 UTC,,,
0FFNEKFBGPF5S0XT87YP2DJM0Z,17.45,2699864,2023-12-20 22:22:05 UTC,,,
0FFNEKH8SJ5ZQ5CW2287X26MQW,17.69,2699864,2023-12-20 22:22:12 UTC,,,
0FFNEKK64CNFQNPZAV6HDWGN5Q,18.00,2699864,2023-12-20 22:22:18 UTC,,,
0FFNEKN3GE4FCX6Q9D8D8T85BV,18.10,2699864,2023-12-20 22:22:24 UTC,,,
0FFNEKQ0Y548BEEC5DHZX88GJ0,17.88,2699864,2023-12-20 22:22:31 UTC,,,
0FFNEKRYBEXNPEYWKVD0XNR659,18.43,2699864,2023-12-20 22:22:37 UTC,,,
0FFNEKTVS28MC1R96W1DJK6HAB,17.99,2699864,2023-12-20 22:22:43 UTC,,,
0FFNEKWS2HW6AQ1GH6RBEC18EJ,16.86,2699864,2023-12-20 22:22:49 UTC,,,
0FFNEKYPFNGZMTMW4J50HZ0FSA,15.82,2699864,2023-12-20 22:22:56 UTC,,,
0FFNEM0KX2X0WDQ3VKVDWR2RER,15.77,2699864,2023-12-20 22:23:02 UTC,,,
0FFNEM2HBQYMYC987QN60XWDEJ,15.61,2699864,2023-12-20 22:23:08 UTC,,,
0FFNEM4ETCK643J8MY1EHM85K4,15.61,2699864,2023-12-20 22:23:15 UTC,,,
0FFNEM6C0VMJ0NPKTJQJVW1JSY,14.70,2699864,2023-12-20 22:23:21 UTC,,,
0FFNEM89FJQ7HPRCGB9JM539NF,14.53,2699864,2023-12-20 22:23:27 UTC,,,
0FFNEMA6SYFNRRTMWVW9G8C8QJ,14.39,2699864,2023-12-20 22:23:33 UTC,,,
0FFNEMC48FTE42R2M3WSPTRBX9,14.53,2699864,2023-12-20 22:23:40 UTC,,,
0FFNEME1JHAGJFKS51336C2AGC,14.91,2699864,2023-12-20 22:23:46 UTC,,,
0FFNEMFZ3M0SH9RBJWN41EMPD4,15.11,2699864,2023-12-20 22:23:52 UTC,,,
0FFNEMHWEM9S0ZYYC1ZCN4CW7J,15.12,2699864,2023-12-20 22:23:59 UTC,,,
0FFNEMKSRYYC4KB90G4Z3F945T,15.38,2699864,2023-12-20 22:24:05 UTC,,,
0FFNEMNQ47CGQY8MC6WB5DKBVH,15.92,2699864,2023-12-20 22:24:11 UTC,,,
0FFNEMQMJ8W60G364XEPS5N5TA,15.53,2699864,2023-12-20 22:24:17 UTC,,,
0FFNEMSJ363E56EDHJP6EBJ38G,15.10,2699864,2023-12-20 22:24:24 UTC,,,
0FFNEMVFATJJ4QPA2PWXZBW767,15.11,2699864,2023-12-20 22:24:30 UTC,,,
0FFNEMXCXGJG63MCCQATAS9QZZ,14.64,2699864,2023-12-20 22:24:36 UTC,,,
0FFNEMZA2MJCRRMJ4R8DGRCWKN,14.04,2699864,2023-12-20 22:24:43 UTC,,,
0FFNEN17J577X8GHAFTJ7ZZAT7,13.29,2699864,2023-12-20 22:24:49 UTC,,,
0FFNEN34ZJW2221GBJM7QQQ9ZJ,12.65,2699864,2023-12-20 22:24:55 UTC,,,
0FFNEN52AT05CH4JCSD3YXTBDS,12.88,2699864,2023-12-20 22:25:01 UTC,,,
0FFNEN6ZRXKZYJF493KHPYB1YN,12.92,2699864,2023-12-20 22:25:08 UTC,,,
0FFNEN8X2HS67Z4BQWTGFNABQE,13.14,2699864,2023-12-20 22:25:14 UTC,,,
0FFNENATE5N161RJDN6DKQ0M5C,13.62,2699864,2023-12-20 22:25:20 UTC,,,
0FFNENCQTN1DAPYWJN04NAVZG2,14.03,2699864,2023-12-20 22:25:27 UTC,,,
0FFNENENASAY0Z7F644FNAWRJT,13.82,2699864,2023-12-20 22:25:33 UTC,,,
0FFNENGJNEBPFEGRYYN8CPWTNQ,13.89,2699864,2023-12-20 22:25:39 UTC,,,
0FFNENJG0MZEHWKWY2WX1T57KM,13.73,2699864,2023-12-20 22:25:45 UTC,,,
0FFNENMDCZS8VWP17G1FVCRGSY,13.55,2699864,2023-12-20 22:25:52 UTC,,,
0FFNENPAS26PHRHT7MXBGYW17A,13.66,2699864,2023-12-20 22:25:58 UTC,,,
0FFNENR8916NXZ7ZSEEFKH0929,13.43,2699864,2023-12-20 22:26:04 UTC,,,
0FFNENT5J5Q9P6TG2CWTGKTPVE,13.66,2699864,2023-12-20 22:26:11 UTC,,,
0FFNENW2YQ2RABWXFA7VCA6JHA,14.18,2699864,2023-12-20 22:26:17 UTC,,,
0FFNENY0C2S0RAGS750MV1MMF0,14.50,2699864,2023-12-20 22:26:23 UTC,,,
0FFNENZXXFKK82N5HP8KG9X6C8,14.66,2699864,2023-12-20 22:26:29 UTC,,,
0FFNEP1V4Q3QK79ZWQMPH2X08D,14.92,2699864,2023-12-20 22:26:36 UTC,,,
0FFNEP3RGC60ETNQKWYJY066SF,14.86,2699864,2023-12-20 22:26:42 UTC,,,
0FFNEP5P16V9WF5Z0334Z084HH,14.18,2699864,2023-12-20 22:26:48 UTC,,,
0FFNEP7K9HTD0KCKPDMVZWF6JF,14.11,2699864,2023-12-20 22:26:55 UTC,,,
0FFNEP9GSAJ9B7412N8EZ4SEGK,14.13,2699864,2023-12-20 22:27:01 UTC,,,
0FFNEPBEBPQXPSPWXK5Z08G2GB,13.82,2699864,2023-12-20 22:27:07 UTC,,,
0FFNEPDBFPXMTYTBZTG4ZWXV0W,13.64,2699864,2023-12-20 22:27:13 UTC,,,
0FFNEPF8X0GTMCWE7WF5JQVGMN,13.22,2699864,2023-12-20 22:27:20 UTC,,,
0FFNEPH6C00XV6JYYMNYQJQHX4,13.32,2699864,2023-12-20 22:27:26 UTC,,,
0FFNEPK3QFPJFYVXEJ9WK3S9MC,13.65,2699864,2023-12-20 22:27:32 UTC,,,
0FFNEPN19DS7P0FTT0HQ4K3HG8,13.21,2699864,2023-12-20 22:27:39 UTC,,,
0FFNEPPYHDATDQAJYPXNH2CW0H,12.62,2699864,2023-12-20 22:27:45 UTC,,,
0FFNEPRVT53D8RVT4BQMGE6H0J,12.93,2699864,2023-12-20 22:27:51 UTC,,,
0FFNEPTS7GMPYMDCFMCH36V328,13.42,2699864,2023-12-20 22:27:57 UTC,,,
0FFNEPWPKPFH3N8PBC1WZ3BECK,13.17,2699864,2023-12-20 22:28:04 UTC,,,
0FFNEPYM0MJ7BMF73K9HJA631V,13.18,2699864,2023-12-20 22:28:10 UTC,,,
0FFNEQ0HD85CE7766Z3VAQ6ARJ,13.55,2699864,2023-12-20 22:28:16 UTC,,,
0FFNEQ2EV6BXV686WN15DGB691,13.51,2699864,2023-12-20 22:28:23 UTC,,,
0FFNEQ4C7RCB8QAD8HEAMKF3FP,12.91,2699864,2023-12-20 22:28:29 UTC,,,
0FFNEQ69HY13B80HDQ57Y7423E,13.09,2699864,2023-12-20 22:28:35 UTC,,,
0FFNEQ86XPHH12CYHRHKNAR82M,13.33,2699864,2023-12-20 22:28:41 UTC,,,
0FFNEQA4ADZECYZ00M2DQCQ6A8,13.94,2699864,2023-12-20 22:28:48 UTC,,,
0FFNEQC1PZBC97AZZFSQAN063P,14.48,2699864,2023-12-20 22:28:54 UTC,,,
0FFNEQDZ3CJW3H7GVYDXCWDGSY,14.41,2699864,2023-12-20 22:29:00 UTC,,,
0FFNEQFWJC1EZ45SKVQV0CE9CF,13.97,2699864,2023-12-20 22:29:07 UTC,,,
0FFNEQHT2RSQM3JQMKH2X046PX,13.23,2699864,2023-12-20 22:29:13 UTC,,,
0FFNEQKQBP6CZAMZ2CJG85ZEK6,11.97,2699864,2023-12-20 22:29:19 UTC,,,
0FFNEQNMS13NG9D05W12S5AJ46,11.84,2699864,2023-12-20 22:29:25 UTC,,,
0FFNEQQJ62JMNMX1K5CCK5X22A,12.40,2699864,2023-12-20 22:29:32 UTC,,,
0FFNEQSFDCRW907X8Q8RAGV99M,13.12,2699864,2023-12-20 22:29:38 UTC,,,
0FFNEQVCW42Y9E14C2P7V3JNEE,13.36,2699864,2023-12-20 22:29:44 UTC,,,
0FFNEQXABR610NTBNK5MZ6E8C5,13.68,2699864,2023-12-20 22:29:51 UTC,,,
0FFNEQZ7KGQRZVJSSH56NPR195,13.49,2699864,2023-12-20 22:29:57 UTC,,,
0FFNER1F0FC7PBSJGV0RZENACD,13.00,2699864,2023-12-20 22:30:04 UTC,,,
0FFNER32FEST6WEJWF39FG7B3Z,12.42,2699864,2023-12-20 22:30:09 UTC,,,
0FFNER4ZS8N335T3C0NK7M1V7M,11.78,2699864,2023-12-20 22:30:16 UTC,,,
0FFNER6X7H2C8NVVH6Z1R5WZEN,11.50,2699864,2023-12-20 22:30:22 UTC,,,
0FFNER8TRW9Y2D45QKKA3E2EKK,11.99,2699864,2023-12-20 22:30:28 UTC,,,
0FFNERAR0MHDCGD9XV113KR75K,12.09,2699864,2023-12-20 22:30:35 UTC,,,
0FFNERCNAEDPQWTF62R4ZHP188,11.90,2699864,2023-12-20 22:30:41 UTC,,,
0FFNEREJQ5RE5QHG8YJ9CW0AE7,11.96,2699864,2023-12-20 22:30:47 UTC,,,
0FFNERGG70K4HNGE28ZC2MMZJ7,12.13,2699864,2023-12-20 22:30:53 UTC,,,
0FFNERJDMHYDH437VRHKAJNA74,12.56,2699864,2023-12-20 22:31:00 UTC,,,
0FFNERMAWA4T9TH3N4GTVNB8CT,12.89,2699864,2023-12-20 22:31:06 UTC,,,
0FFNERP8AJH7CSJ8277DRZ0ARC,13.33,2699864,2023-12-20 22:31:12 UTC,,,
0FFNERR5NWG9651RDMH6SKV04N,12.93,2699864,2023-12-20 22:31:19 UTC,,,
0FFNERT328YNRMXYEPN9EG60VK,12.49,2699864,2023-12-20 22:31:25 UTC,,,
0FFNERW0F6Z545HC039WTXDT9Y,12.04,2699864,2023-12-20 22:31:31 UTC,,,
0FFNERXXW2RMYBBNFTMEY37XFZ,11.79,2699864,2023-12-20 22:31:37 UTC,,,
0FFNERZVHFF57PCFWX3PP4F839,11.36,2699864,2023-12-20 22:31:44 UTC,,,
0FFNES1RP08FDWBWHH5S0SGG90,11.15,2699864,2023-12-20 22:31:50 UTC,,,
0FFNES3P26Q4TSQJDTX7Z50D8N,11.08,2699864,2023-12-20 22:31:56 UTC,,,
0FFNES5KNB3R8D0G024F2G9R8F,11.03,2699864,2023-12-20 22:32:03 UTC,,,
0FFNES7GXKKH7GK2NHCJVX2AGF,11.50,2699864,2023-12-20 22:32:09 UTC,,,
0FFNES9E8KB7N8X5RKYP2TPGD8,11.86,2699864,2023-12-20 22:32:15 UTC,,,
0FFNESBBK1TNRE4DRJ3BXMD7TB,11.67,2699864,2023-12-20 22:32:21 UTC,,,
0FFNESD8ZS4GY3WVMJKA5QK4SM,11.32,2699864,2023-12-20 22:32:28 UTC,,,
0FFNESF6BGQ9FF94GR37ZN4E4J,11.71,2699864,2023-12-20 22:32:34 UTC,,,
0FFNESH3R598WABDBMHYM5WQWN,12.44,2699864,2023-12-20 22:32:40 UTC,,,
0FFNESK15HY591XX3SDZB84G37,13.18,2699864,2023-12-20 22:32:47 UTC,,,
0FFNESMYSW62V14YQ2NVQQCDA8,12.67,2699864,2023-12-20 22:32:53 UTC,,,
0FFNESPVX3738H3FW1E5SG8A67,12.36,2699864,2023-12-20 22:32:59 UTC,,,
0FFNESRSBCCMNTCE3FT41XGM2R,11.78,2699864,2023-12-20 22:33:05 UTC,,,
0FFNESTPR2ZYC7C41QACF31JZH,11.61,2699864,2023-12-20 22:33:12 UTC,,,
0FFNESWM809K8379SVP9F8VBTE,11.87,2699864,2023-12-20 22:33:18 UTC,,,
0FFNESYHEE3RTVGK68CD09S445,12.13,2699864,2023-12-20 22:33:24 UTC,,,
0FFNET0EVCYY00W2EDRKMBJ85C,11.79,2699864,2023-12-20 22:33:31 UTC,,,
0FFNET2CASE7FR49AEZMK79EZ1,12.08,2699864,2023-12-20 22:33:37 UTC,,,
0FFNET49N9W4J57EQGHETK817S,11.63,2699864,2023-12-20 22:33:43 UTC,,,
0FFNET670Z9E5CKTFPC24ZE4XQ,11.33,2699864,2023-12-20 22:33:49 UTC,,,
0FFNET84DQ5YD6N73RS8J26TP4,11.08,2699864,2023-12-20 22:33:56 UTC,,,
0FFNETA1SG2QYEBW0CZ6T8DDZF,10.58,2699864,2023-12-20 22:34:02 UTC,,,
0FFNETBZ7B7VZ7Q5D31EKQ7PRK,10.41,2699864,2023-12-20 22:34:08 UTC,,,
0FFNETDWKY9192S64TP7WS0SSF,10.19,2699864,2023-12-20 22:34:15 UTC,,,
0FFNETFSZA6SHDXB7K4QARDTR9,10.19,2699864,2023-12-20 22:34:21 UTC,,,
0FFNETHQBRJVK9S3FKS9WV4SYS,10.07,2699864,2023-12-20 22:34:27 UTC,,,
0FFNETKN29G2JM36JWCM54TYZ3,10.57,2699864,2023-12-20 22:34:33 UTC,,,
0FFNETNJHVDFQWJCNGNTWTSGK3,11.06,2699864,2023-12-20 22:34:40 UTC,,,
0FFNETQFXA2NQYGC3M4TAAD5AY,11.06,2699864,2023-12-20 22:34:46 UTC,,,
0FFNETSD0WP1PGVVNZFRKNQDZY,11.06,2699864,2023-12-20 22:34:52 UTC,,,
0FFNETVAB0661FHZH9WRJJM5KN,11.42,2699864,2023-12-20 22:34:59 UTC,,,
0FFNETX7P2K08NAP52SZ3GCPCR,11.27,2699864,2023-12-20 22:35:05 UTC,,,
0FFNETZ5323NX200WYMWEBJQ7R,11.06,2699864,2023-12-20 22:35:11 UTC,,,
0FFNEV12JFHYY2H1WJFCTWTB8Q,11.03,2699864,2023-12-20 22:35:17 UTC,,,
0FFNEV2ZVHS6PSW71V6AFW2D1D,11.32,2699864,2023-12-20 22:35:24 UTC,,,
0FFNEV4XAEA95DKXZPGDSEQPC9,11.65,2699864,2023-12-20 22:35:30 UTC,,,
0FFNEV6TP8FMSTVJE30Z156923,11.22,2699864,2023-12-20 22:35:36 UTC,,,
0FFNEV8R4BXWC8V1RY6GHZEM5Z,10.54,2699864,2023-12-20 22:35:43 UTC,,,
0FFNEVANJ3YZ98B1QHDM25CKNX,10.65,2699864,2023-12-20 22:35:49 UTC,,,
0FFNEVCJTA5G6QA9W0WE0BAD59,10.61,2699864,2023-12-20 22:35:55 UTC,,,
0FFNEVEG60C71614NWDH5RTHR0,10.29,2699864,2023-12-20 22:36:01 UTC,,,
0FFNEVGDN0X7T1R14WVNHWH244,10.23,2699864,2023-12-20 22:36:08 UTC,,,
0FFNEVJB0KXHJMZKRX3FHPMK68,9.83,2699864,2023-12-20 22:36:14 UTC,,,
0FFNEVM8DHED2TBM0E7QH4M470,10.12,2699864,2023-12-20 22:36:20 UTC,,,
0FFNEVP5TNBGBGZ5FDAYF2DG1A,10.82,2699864,2023-12-20 22:36:27 UTC,,,
0FFNEVR36P60YWBKM70Q4849FK,11.57,2699864,2023-12-20 22:36:33 UTC,,,
0FFNEVT0JZKSA6WJJ4DGHSMWX9,11.52,2699864,2023-12-20 22:36:39 UTC,,,
0FFNEVVXXRNN11NSSBJHQQ8G64,11.54,2699864,2023-12-20 22:36:45 UTC,,,
0FFNEVXVBBNKSFNYWED7SQJW6Q,11.54,2699864,2023-12-20 22:36:52 UTC,,,
0FFNEVZRPNP510PZE2GSJKQ6QV,11.39,2699864,2023-12-20 22:36:58 UTC,,,
0FFNEW1P8N9AWJC2M5HHD1FC4B,11.16,2699864,2023-12-20 22:37:04 UTC,,,
0FFNEW3KFWJGSWFNHGT82GKYK4,11.13,2699864,2023-12-20 22:37:11 UTC,,,
0FFNEW5GXAMPXDVTW5SSSE0GPC,11.16,2699864,2023-12-20 22:37:17 UTC,,,
0FFNEW7E9SEV6MXMTEPGKEM3V3,10.86,2699864,2023-12-20 22:37:23 UTC,,,
0FFNEW9BQM5XEV5Q4KMW8GNVG3,10.49,2699864,2023-12-20 22:37:29 UTC,,,
0FFNEWB92V1DPH5MKAP9GDSKZ6,10.10,2699864,2023-12-20 22:37:36 UTC,,,
0FFNEWD6K7P0TTXP1838W78YTQ,10.24,2699864,2023-12-20 22:37:42 UTC,,,
0FFNEWF3WZTTQN1XS43775VSMS,10.41,2699864,2023-12-20 22:37:48 UTC,,,
0FFNEWH19JRYRCAGAQ37GTFXQ2,10.17,2699864,2023-12-20 22:37:55 UTC,,,
0FFNEWJYYCX3TWADRX9G2Y0VYH,10.66,2699864,2023-12-20 22:38:01 UTC,,,
0FFNEWMW0ZWP2ABF3Z8JA9GVXW,10.58,2699864,2023-12-20 22:38:07 UTC,,,
0FFNEWPSC31E6H3ZQ2GQ52AAFE,10.39,2699864,2023-12-20 22:38:13 UTC,,,
0FFNEWRPTHR7AJD92VK8MVY75Y,10.29,2699864,2023-12-20 22:38:20 UTC,,,
0FFNEWTMAYQ4BY74D6VF3PZ8DQ,10.05,2699864,2023-12-20 22:38:26 UTC,,,
0FFNEWWHZ0Q0ZX99TKKYCHMQ47,10.26,2699864,2023-12-20 22:38:32 UTC,,,
0FFNEWYF19SPAETB4GD008ZSJK,10.33,2699864,2023-12-20 22:38:39 UTC,,,
0FFNEX0CB4MYA0CZJRHD4Z9897,10.11,2699864,2023-12-20 22:38:45 UTC,,,
0FFNEX29R13PZ1HFRRFHCMJJD8,9.86,2699864,2023-12-20 22:38:51 UTC,,,
0FFNEX475H0BZT38RX18E161G0,9.89,2699864,2023-12-20 22:38:57 UTC,,,
0FFNEX64HHB9AA689F1J7HTDM8,9.29,2699864,2023-12-20 22:39:04 UTC,,,
0FFNEX81XJ3YRSAMMVGAQX2Q16,9.09,2699864,2023-12-20 22:39:10 UTC,,,
0FFNEX9Z9CCP0NFRRE75DGEM3Y,9.21,2699864,2023-12-20 22:39:16 UTC,,,
0FFNEXBWP6XQYKP1WQ39MJRWB7,9.91,2699864,2023-12-20 22:39:23 UTC,,,
0FFNEXDT36BTX5KWS5NCYS2WDS,10.58,2699864,2023-12-20 22:39:29 UTC,,,
0FFNEXFQGM0TH4DWG85PH485MN,11.26,2699864,2023-12-20 22:39:35 UTC,,,
0FFNEXHMTPZC0Q53PZVQ3VJNJV,10.98,2699864,2023-12-20 22:39:41 UTC,,,
0FFNEXKJ85NN5529D4SVBK8EX0,10.41,2699864,2023-12-20 22:39:48 UTC,,,
0FFNEXNFQ43DR11CYARY4PHBEE,9.70,2699864,2023-12-20 22:39:54 UTC,,,
0FFNEXQD0B0H13HFW7ZMPKW9MJ,9.44,2699864,2023-12-20 22:40:00 UTC,,,
0FFNEXSAF0A7XZ6CN0XNG39ZPZ,9.43,2699864,2023-12-20 22:40:07 UTC,,,
0FFNEXV7W5J81BADSAT4DD1T16,9.83,2699864,2023-12-20 22:40:13 UTC,,,
0FFNEXX577RGJ5CRYJWQEXX7RG,10.06,2699864,2023-12-20 22:40:19 UTC,,,
0FFNEXZ2K4H3Q7T8G5NP5DY82Y,9.41,2699864,2023-12-20 22:40:25 UTC,,,
0FFNEY0ZZAPQKMZQDNEXBTP4WT,9.04,2699864,2023-12-20 22:40:32 UTC,,,
0FFNEY2XBQANH8303V9FX6F55E,9.12,2699864,2023-12-20 22:40:38 UTC,,,
0FFNEY4TS943966FQXJ6G5JZ60,9.53,2699864,2023-12-20 22:40:44 UTC,,,
0FFNEY6R3GJHNZ8WPZCHZ9B7JN,9.23,2699864,2023-12-20 22:40:51 UTC,,,
0FFNEY8NQTFTTS5NMBSMBZYP37,9.04,2699864,2023-12-20 22:40:57 UTC,,,
0FFNEYAJXP4BKHF7WPCMYHB3CW,9.45,2699864,2023-12-20 22:41:03 UTC,,,
0FFNEYCG8XV43TXE7VN20GZGJR,9.89,2699864,2023-12-20 22:41:09 UTC,,,
0FFNEYEDPJF8ZGPKE9WTCEZVJH,9.93,2699864,2023-12-20 22:41:16 UTC,,,
0FFNEYGB1MECXY5YRV1ATFMH3V,9.77,2699864,2023-12-20 22:41:22 UTC,,,
0FFNEYJ8E8NS2NACZHRBECFX03,9.69,2699864,2023-12-20 22:41:28 UTC,,,
0FFNEYM6AV0AGKPPVQAE7Z5RYC,9.70,2699864,2023-12-20 22:41:35 UTC,,,
0FFNEYP37MB7HHC2JH4ES8HHZQ,9.61,2699864,2023-12-20 22:41:41 UTC,,,
0FFNEYR0NNH9HG10MHCCPEAW0S,10.05,2699864,2023-12-20 22:41:47 UTC,,,
0FFNEYSY1E150GAVKNQ5CZ16NS,9.74,2699864,2023-12-20 22:41:53 UTC,,,
0FFNEYVVHXK3NZ1NYGYQVF0D5G,9.27,2699864,2023-12-20 22:42:00 UTC,,,
0FFNEYXRW1FHEFZNMGJ1GVH1NN,9.20,2699864,2023-12-20 22:42:06 UTC,,,
0FFNEYZP58R55ZWAA2E4N5BASX,9.35,2699864,2023-12-20 22:42:12 UTC,,,
0FFNEZ1KJ298XKZSJC6GTWYEP6,9.03,2699864,2023-12-20 22:42:19 UTC,,,
0FFNEZ3GYAB0F8QA2BFRVP38PD,8.99,2699864,2023-12-20 22:42:25 UTC,,,
0FFNEZ5EB7JZ0Q8P8M78N4HYQE,8.96,2699864,2023-12-20 22:42:31 UTC,,,
0FFNEZ7BQH8ZDJMR3GNXNEVMDQ,8.84,2699864,2023-12-20 22:42:37 UTC,,,
0FFNEZ9960283WQR1G22HR5ZAB,9.24,2699864,2023-12-20 22:42:44 UTC,,,
0FFNEZB6K27SJV1FNMN3CJCC46,9.14,2699864,2023-12-20 22:42:50 UTC,,,
0FFNEZD3WZ0XB0HJB73K6YB9NT,8.37,2699864,2023-12-20 22:42:56 UTC,,,
0FFNEZF1C3TM1R0WDFFXWAZC78,7.83,2699864,2023-12-20 22:43:03 UTC,,,
0FFNEZGYP8MVDA7YHQA8JN0C4H,7.28,2699864,2023-12-20 22:43:09 UTC,,,
0FFNEZJW40Q0T3VQRZ0WBTT9MA,7.25,2699864,2023-12-20 22:43:15 UTC,,,
0FFNEZMSEK3NCCD0DDAWJ6S50Q,6.88,2699864,2023-12-20 22:43:21 UTC,,,
0FFNEZPQ872FFPHR4DH2QSSAYT,6.43,2699864,2023-12-20 22:43:28 UTC,,,
0FFNEZRM7HAZQGP032X7DRYE87,6.50,2699864,2023-12-20 22:43:34 UTC,,,
0FFNEZTHYHXTPPXP2MGYG16K9W,6.89,2699864,2023-12-20 22:43:40 UTC,,,
0FFNEZWF1SRF4D7R35MZ56AB8V,6.75,2699864,2023-12-20 22:43:47 UTC,,,
0FFNEZYCDAFS059RAFZEASG4TE,6.89,2699864,2023-12-20 22:43:53 UTC,,,
0FFNF009RK249TSPZDJ4KQTS47,7.04,2699864,2023-12-20 22:43:59 UTC,,,
0FFNF02762RJ27M3A4GP760DTY,6.64,2699864,2023-12-20 22:44:05 UTC,,,
0FFNF044MQYQ9TSJXPXBDS62G9,6.04,2699864,2023-12-20 22:44:12 UTC,,,
0FFNF062015K44EYHBE4NWYH96,6.03,2699864,2023-12-20 22:44:18 UTC,,,
0FFNF07ZC0G5FBM1JAAFBBRPT9,5.78,2699864,2023-12-20 22:44:24 UTC,,,
0FFNF09WYCMD45MAJ60QNB7HJP,5.44,2699864,2023-12-20 22:44:31 UTC,,,
0FFNF0BT3WZGHHBTWZPEQ5BMY7,5.36,2699864,2023-12-20 22:44:37 UTC,,,
0FFNF0DQGDG9SGE8V5NAKGJWS6,5.49,2699864,2023-12-20 22:44:43 UTC,,,
0FFNF0FMWK3SH4Q63ZX95MW4XC,5.59,2699864,2023-12-20 22:44:49 UTC,,,
0FFNF0HJ9BQ4CENMD6K22AV6ZP,5.51,2699864,2023-12-20 22:44:56 UTC,,,
0FFNF0KFQ0AT5PGQGVE5QXD8BJ,5.54,2699864,2023-12-20 22:45:02 UTC,,,
0FFNF0NDKR3J87RC1E0H09608J,5.67,2699864,2023-12-20 22:45:08 UTC,,,
0FFNF0QAF529VRJ5FQDEGWFB4X,5.98,2699864,2023-12-20 22:45:15 UTC,,,
0FFNF0S7ZBYQJRG1GD03E2XGQQ,6.39,2699864,2023-12-20 22:45:21 UTC,,,
0FFNF0V58AV795J11EK9HSXPCP,6.25,2699864,2023-12-20 22:45:27 UTC,,,
0FFNF0X2MD0F1K6A43JC3FJHYX,6.18,2699864,2023-12-20 22:45:33 UTC,,,
0FFNF0Z01P6ZRDTSC78XW04XQV,6.08,2699864,2023-12-20 22:45:40 UTC,,,
0FFNF10XD793F5QKATSY28V31V,6.08,2699864,2023-12-20 22:45:46 UTC,,,
0FFNF12TSN1ZJZQ98GJMFY2PHS,6.03,2699864,2023-12-20 22:45:52 UTC,,,
0FFNF14R8NG8JZ0ZA7JPSXZ94E,5.79,2699864,2023-12-20 22:45:59 UTC,,,
0FFNF16NM065ZHWKFT6XNPGZ9J,5.52,2699864,2023-12-20 22:46:05 UTC,,,
0FFNF18K07J42M4VW3Y4CK9TGK,5.46,2699864,2023-12-20 22:46:11 UTC,,,
0FFNF1AGAJFAJSTBK5CWNC05S5,5.59,2699864,2023-12-20 22:46:17 UTC,,,
0FFNF1CDR6S83J3AQK4GC86VBJ,5.80,2699864,2023-12-20 22:46:24 UTC,,,
0FFNF1EB459A1SBY0ZZPQEB4K9,5.80,2699864,2023-12-20 22:46:30 UTC,,,
0FFNF1G8PFF36HFR27CZ5DC28E,5.54,2699864,2023-12-20 22:46:36 UTC,,,
0FFNF1J5WZGTTQJAQBDP0853EV,5.40,2699864,2023-12-20 22:46:43 UTC,,,
0FFNF1M3AFEWAJABK6BE9HVQJ5,5.50,2699864,2023-12-20 22:46:49 UTC,,,
0FFNF1P0XZG0VFGY3AJDWGB964,5.67,2699864,2023-12-20 22:46:55 UTC,,,
0FFNF1QY62Y3CDEB8DZ07MDH6D,5.47,2699864,2023-12-20 22:47:02 UTC,,,
0FFNF1SVDNTCV3P8EAQVCST0P7,5.21,2699864,2023-12-20 22:47:08 UTC,,,
0FFNF1VRXFAAH3DNH8Z7W6XSJV,4.89,2699864,2023-12-20 22:47:14 UTC,,,
0FFNF1XP8TQ5DG2MQBDYKD18AG,4.59,2699864,2023-12-20 22:47:20 UTC,,,
0FFNF1ZKNTHYKJB1KPYW68T4QE,4.48,2699864,2023-12-20 22:47:27 UTC,,,
0FFNF21H0X10SSB0JV10CJTT1M,4.49,2699864,2023-12-20 22:47:33 UTC,,,
0FFNF23EE8F000KH4KFZZ1EA0G,4.62,2699864,2023-12-20 22:47:39 UTC,,,
0FFNF25BSBA6WRC2GJKKY49W35,4.67,2699864,2023-12-20 22:47:46 UTC,,,
0FFNF2798MPW6YJFY5TGHPNNPZ,4.54,2699864,2023-12-20 22:47:52 UTC,,,
0FFNF296NG7RGM7DQWXW5Y940J,4.31,2699864,2023-12-20 22:47:58 UTC,,,
0FFNF2B47M9GE0HRHZY9XT2ZAG,4.04,2699864,2023-12-20 22:48:04 UTC,,,
0FFNF2D1CFXE80EPQB0FQGPE0C,4.10,2699864,2023-12-20 22:48:11 UTC,,,
0FFNF2EYQJQ1YF8ZK2X2NSN1ED,4.07,2699864,2023-12-20 22:48:17 UTC,,,
0FFNF2GW4NYRVYKRVH0ST3NVKH,4.07,2699864,2023-12-20 22:48:23 UTC,,,
0FFNF2JSH9XV13H5M8RJCAGS30,3.63,2699864,2023-12-20 22:48:30 UTC,,,
0FFNF2MPWDA0CRJYSTDJTXZT3W,3.47,2699864,2023-12-20 22:48:36 UTC,,,
0FFNF2PM9KG0E7BMCJQ4RQ38VV,3.49,2699864,2023-12-20 22:48:42 UTC,,,
0FFNF2RHRZN6X9F0798ZNWPZCK,3.51,2699864,2023-12-20 22:48:48 UTC,,,
0FFNF2TF1W3VAS4P17ZK9NE8EK,3.43,2699864,2023-12-20 22:48:55 UTC,,,
0FFNF2WCGPZBCPYJ3JZCWM0N8C,3.26,2699864,2023-12-20 22:49:01 UTC,,,
0FFNF2Y9YSB7A0W4CZTEJF51TP,3.02,2699864,2023-12-20 22:49:07 UTC,,,
0FFNF3078W9030JX9MSGPKWTDA,2.96,2699864,2023-12-20 22:49:14 UTC,,,
0FFNF324KT5B5S1H78RGTHHWQS,2.67,2699864,2023-12-20 22:49:20 UTC,,,
0FFNF3420297Y4YAJJ25T85XS9,2.59,2699864,2023-12-20 22:49:26 UTC,,,
0FFNF35ZDDENFG8RS3AM1P1J49,2.59,2699864,2023-12-20 22:49:32 UTC,,,
0FFNF37WTAVHG3TRVXEDW0DB4H,2.67,2699864,2023-12-20 22:49:39 UTC,,,
0FFNF39T7ZSP80WQ0AQG1VS3Y5,2.58,2699864,2023-12-20 22:49:45 UTC,,,
0FFNF3BQJ38SJKNV1SMXVVFJWQ,2.68,2699864,2023-12-20 22:49:51 UTC,,,
0FFNF3DMZK6SC81JYPG57XFHVD,3.03,2699864,2023-12-20 22:49:58 UTC,,,
0FFNF3FJE7CS7A1XSSCR6MHQS8,3.18,2699864,2023-12-20 22:50:04 UTC,,,
0FFNF3HFR93SH2AR7G5T98VJ53,3.27,2699864,2023-12-20 22:50:10 UTC,,,
0FFNF3KD6YNTGJQRJPKKX703BW,3.09,2699864,2023-12-20 22:50:16 UTC,,,
0FFNF3NAH5DWC427TA3RNAVS67,3.10,2699864,2023-12-20 22:50:23 UTC,,,
0FFNF3Q7WN3DHJMB5Z2MK8C47H,3.10,2699864,2023-12-20 22:50:29 UTC,,,
0FFNF3S58T4XBBMKM4TT28WKAM,3.03,2699864,2023-12-20 22:50:35 UTC,,,
0FFNF3V2NZRM99XYZ2XN66ZW7G,2.77,2699864,2023-12-20 22:50:42 UTC,,,
0FFNF3X01YCPCZDHX4DQEVRCJR,2.80,2699864,2023-12-20 22:50:48 UTC,,,
0FFNF3YXFWFZTECXY2CB1XM14A,2.85,2699864,2023-12-20 22:50:54 UTC,,,
0FFNF40V06V5SJFDWS2G3RSZYA,2.77,2699864,2023-12-20 22:51:00 UTC,,,
0FFNF42R8HJ9WPZJXCKHM2M2RD,2.79,2699864,2023-12-20 22:51:07 UTC,,,
0FFNF44NMSQ931300JRBTGGSY8,2.59,2699864,2023-12-20 22:51:13 UTC,,,
0FFNF46JZSFEF00Z9K3NSC1XJB,2.54,2699864,2023-12-20 22:51:19 UTC,,,
0FFNF48GBERDJJQGYND0ZS9DVX,2.54,2699864,2023-12-20 22:51:26 UTC,,,
0FFNF4ADRQKYTXM4TW8AWD75E3,2.53,2699864,2023-12-20 22:51:32 UTC,,,
0FFNF4CBAZFEEW8ZW030FTHCG4,2.77,2699864,2023-12-20 22:51:38 UTC,,,
0FFNF4E8JT2C211F3DWMY8PHKB,2.88,2699864,2023-12-20 22:51:44 UTC,,,
0FFNF4G60GKRYRMCK1DES701X9,2.78,2699864,2023-12-20 22:51:51 UTC,,,
0FFNF4J3BNQA2CAAY8C2RNHJVB,2.78,2699864,2023-12-20 22:51:57 UTC,,,
0FFNF4M0XDZBMQ5790V6M0J319,2.64,2699864,2023-12-20 22:52:03 UTC,,,
0FFNF4NY2ST53R18NA34RAPNHD,2.42,2699864,2023-12-20 22:52:10 UTC,,,
0FFNF4QVFHNWB9ZYAQ4YWBH04A,2.22,2699864,2023-12-20 22:52:16 UTC,,,
0FFNF4SRY5H7H2FAG8XJQXZG9P,2.28,2699864,2023-12-20 22:52:22 UTC,,,
0FFNF4VPAW3XKNT02CA4CDWPNM,2.12,2699864,2023-12-20 22:52:28 UTC,,,
0FFNF4XKP4VNMRZKX7VTMNZ2Q3,1.90,2699864,2023-12-20 22:52:35 UTC,,,
0FFNF4ZH5W9QA8T8P0YHSHT6JJ,1.78,2699864,2023-12-20 22:52:41 UTC,,,
0FFNF51EK8B5TK9A7KC1Y2YNV6,1.63,2699864,2023-12-20 22:52:47 UTC,,,
0FFNF53BVRZ972BWKVMBQAPX32,1.40,2699864,2023-12-20 22:52:54 UTC,,,
0FFNF5597YMEKFZ1HNEW4RVZYV,1.26,2699864,2023-12-20 22:53:00 UTC,,,
0FFNF576V6E7SR43M94MTSA22Y,1.25,2699864,2023-12-20 22:53:06 UTC,,,
0FFNF593ZXTPRNSSVD622MNW25,1.22,2699864,2023-12-20 22:53:12 UTC,,,
0FFNF5B1E24S3Z60EHKR64K4M5,1.39,2699864,2023-12-20 22:53:19 UTC,,,
0FFNF5CYRTP7JPESZ577F23302,1.52,2699864,2023-12-20 22:53:25 UTC,,,
0FFNF5EW5NG7VG45D1PAH3MX45,1.55,2699864,2023-12-20 22:53:31 UTC,,,
0FFNF5GSNKT8SGZ0FJQME821VQ,1.63,2699864,2023-12-20 22:53:38 UTC,,,
0FFNF5JPY5NJD6QEVY890XFJHF,1.55,2699864,2023-12-20 22:53:44 UTC,,,
0FFNF5MMA3KNC6C8PP36RT8WDJ,1.62,2699864,2023-12-20 22:53:50 UTC,,,
0FFNF5PHQBFQ53FZC5S73F45CH,1.84,2699864,2023-12-20 22:53:56 UTC,,,
0FFNF5RF4PBZ6NRVW4509DGK36,9.78,2699864,2023-12-20 22:54:03 UTC,,,
0FFNF5TCGW16ABXAX5AZF464Y4,27.42,2699864,2023-12-20 22:54:09 UTC,,,
0FFNF5W9WQBJ3EB28Q383XDD3K,58.98,2699864,2023-12-20 22:54:15 UTC,,,
0FFNF5Y7878HY42QFQ76B72RMK,64.65,2699864,2023-12-20 22:54:22 UTC,,,
0FFNF604VWEVAZC30ZJFG0YQZP,64.92,2699864,2023-12-20 22:54:28 UTC,,,
0FFNF62297B2APBW1SNCVKBPXH,63.63,2699864,2023-12-20 22:54:34 UTC,,,
0FFNF63ZETYDKQWQAZGJ1H0BNZ,60.90,2699864,2023-12-20 22:54:40 UTC,,,
0FFNF65WWGS78Z34VEDSJKW2JV,51.95,2699864,2023-12-20 22:54:47 UTC,,,
0FFNF67T8A9KE1ZJ4PFSZ6Y561,46.26,2699864,2023-12-20 22:54:53 UTC,,,
0FFNF69QK5GS2K1A92Q98CNCJ6,46.26,2699864,2023-12-20 22:54:59 UTC,,,
0FFNF6BN0JBEYW3J2DZ72AE46Y,46.26,2699864,2023-12-20 22:55:06 UTC,,,
0FFNF6DJBZ1C8QW7QQ0EGEKV78,41.68,2699864,2023-12-20 22:55:12 UTC,,,
0FFNF6FFRQTZW51G48P7ASQV23,37.55,2699864,2023-12-20 22:55:18 UTC,,,
0FFNF6HD6KCVK8FKMZG6ZBNA50,33.55,2699864,2023-12-20 22:55:24 UTC,,,
0FFNF6KAK97NE54QBC2V428NKH,30.61,2699864,2023-12-20 22:55:31 UTC,,,
0FFNF6N80ZY6AHT5S4QZ2Y31ZD,29.85,2699864,2023-12-20 22:55:37 UTC,,,
0FFNF6Q5AG062EBB4P3WWPC0MZ,29.25,2699864,2023-12-20 22:55:43 UTC,,,
0FFNF6S2YG2CPV1TH0RDAWV8QA,27.92,2699864,2023-12-20 22:55:50 UTC,,,
0FFNF6V06DQ3F28R2RAMYH70MM,26.61,2699864,2023-12-20 22:55:56 UTC,,,
0FFNF6WXGWM6277RSXKCT4NAA3,25.92,2699864,2023-12-20 22:56:02 UTC,,,
0FFNF6YTXSAWJ5GTE02Y7D7ZGA,24.43,2699864,2023-12-20 22:56:08 UTC,,,
0FFNF70RA7X25E8N6E3PVSZC6Z,23.02,2699864,2023-12-20 22:56:15 UTC,,,
0FFNF72NP7ZSPMWPEE1YA9Z1C4,21.48,2699864,2023-12-20 22:56:21 UTC,,,
0FFNF74K2E84A7JWNNR6DVYC7X,20.73,2699864,2023-12-20 22:56:27 UTC,,,
0FFNF76GFQ4E98NR46F9EYFCBE,20.20,2699864,2023-12-20 22:56:34 UTC,,,
0FFNF78DTAHWMNG9HTYVZYBFDZ,19.67,2699864,2023-12-20 22:56:40 UTC,,,
0FFNF7AB8QSJX2QSXNQHK36KGA,18.63,2699864,2023-12-20 22:56:46 UTC,,,
0FFNF7C8M9PFF68CAGVGTS1961,16.67,2699864,2023-12-20 22:56:52 UTC,,,
0FFNF7E60D25D7MTVDW5BZ181C,15.16,2699864,2023-12-20 22:56:59 UTC,,,
0FFNF7G3CKJJVRKEVDER8RST86,13.77,2699864,2023-12-20 22:57:05 UTC,,,
0FFNF7J0YCSDYHS87WVZS9X8B4,13.15,2699864,2023-12-20 22:57:11 UTC,,,
0FFNF7KYKCYZB4GAW97JA4VC70,12.92,2699864,2023-12-20 22:57:18 UTC,,,
0FFNF7NVRBASB8PTSRS6VW3YRW,14.94,2699864,2023-12-20 22:57:24 UTC,,,
0FFNF7QS3FVWAQ708ZFK3KEQY4,58.59,2699864,2023-12-20 22:57:30 UTC,,,
0FFNF7SPG6BVBM12E1WACMNYCX,71.32,2699864,2023-12-20 22:57:36 UTC,,,
0FFNF7VKWNRJVWBRH3ZSYQSZZK,76.97,2699864,2023-12-20 22:57:43 UTC,,,
0FFNF7XH412Q5PWN2SKB9CB2ER,74.62,2699864,2023-12-20 22:57:49 UTC,,,
0FFNF7ZEGWHQ075QY7240KF44E,54.47,2699864,2023-12-20 22:57:55 UTC,,,
0FFNF81BY5G0XBYH7SE22WBYTD,53.43,2699864,2023-12-20 22:58:02 UTC,,,
0FFNF839B1NNFY1FV0J02R2DEN,52.68,2699864,2023-12-20 22:58:08 UTC,,,
0FFNF856P11HW1RVYYSCNXVN0K,49.02,2699864,2023-12-20 22:58:14 UTC,,,
0FFNF87439YRN77SC0W8VR0G92,46.17,2699864,2023-12-20 22:58:20 UTC,,,
0FFNF891FJG8XQPY7KV47V3FMK,43.47,2699864,2023-12-20 22:58:27 UTC,,,
0FFNF8AYVKEGZTTX2314EFPTWQ,39.66,2699864,2023-12-20 22:58:33 UTC,,,
0FFNF8CW9PN8MQCRNCE0Q2JC1P,35.02,2699864,2023-12-20 22:58:39 UTC,,,
0FFNF8ESN584YDP5ZD3TBKXGZ5,35.60,2699864,2023-12-20 22:58:46 UTC,,,
0FFNF8GQ0MXJBECACTD9ZCFYS6,37.29,2699864,2023-12-20 22:58:52 UTC,,,
0FFNF8JMGXMJPQ5Q6EXQ1QQQA6,37.00,2699864,2023-12-20 22:58:58 UTC,,,
0FFNF8MHTA4C9P4PMHRYA6XDN2,35.78,2699864,2023-12-20 22:59:04 UTC,,,
0FFNF8PF71BQTG3E3TA2T4STW2,34.31,2699864,2023-12-20 22:59:11 UTC,,,
0FFNF8RCR5MSMM0BV532VJKB6V,31.28,2699864,2023-12-20 22:59:17 UTC,,,
0FFNF8TJBG1QVW2T5NCKRYC870,31.98,2699864,2023-12-20 22:59:24 UTC,,,
0FFNF8W7DDDRXK8ENP1PY7VWF8,34.93,2699864,2023-12-20 22:59:30 UTC,,,
0FFNF8Y4YB7KKJN2YP2WDVTD8T,37.03,2699864,2023-12-20 22:59:36 UTC,,,
0FFNF9025B2KNYCQ1RMTQFP9WR,35.18,2699864,2023-12-20 22:59:42 UTC,,,
0FFNF91ZTEXV9KSD25KB5W170P,32.35,2699864,2023-12-20 22:59:48 UTC,,,
0FFNF93WXYYW6ZPVFYFJQRPRXZ,31.55,2699864,2023-12-20 22:59:55 UTC,,,
0FFNF95TK92V32HAEZYY3WXADW,30.30,2699864,2023-12-20 23:00:01 UTC,,,
0FFNF97QQPD0YS9WHMAXY3ZFH5,28.44,2699864,2023-12-20 23:00:07 UTC,,,
0FFNF99N4QBZJ2NA2PCCR7NWHF,26.76,2699864,2023-12-20 23:00:14 UTC,,,
0FFNF9BJJ3J1RRG8ZDHD3DR1ZQ,25.10,2699864,2023-12-20 23:00:20 UTC,,,
0FFNF9DFXFBN8ZVJBE1MGTPCHA,24.51,2699864,2023-12-20 23:00:26 UTC,,,
0FFNF9FD9QWH3SYB3YX7JYM13N,24.68,2699864,2023-12-20 23:00:32 UTC,,,
0FFNF9HAZ4NMP773K35P5E4JZX,25.28,2699864,2023-12-20 23:00:39 UTC,,,
0FFNF9K81JT5ZDFC1879N4C2J3,26.07,2699864,2023-12-20 23:00:45 UTC,,,
0FFNF9N5E07S1VE4NE2C9XKVMX,25.96,2699864,2023-12-20 23:00:51 UTC,,,
0FFNF9Q2WPA7AVJNY3J1CMBN4S,25.98,2699864,2023-12-20 23:00:58 UTC,,,
0FFNF9S093BX4TCVNBQ8CGTT4D,25.88,2699864,2023-12-20 23:01:04 UTC,,,
0FFNF9TXQ7TEMXD3Z21Z4GEWJK,25.62,2699864,2023-12-20 23:01:10 UTC,,,
0FFNF9WV7SK3GYEX9Q2YTQFBSH,25.97,2699864,2023-12-20 23:01:16 UTC,,,
0FFNF9YRCR7MK620G4FFF1NETQ,26.24,2699864,2023-12-20 23:01:23 UTC,,,
0FFNFA0NTVT5VRKVQERC5N0QZP,26.43,2699864,2023-12-20 23:01:29 UTC,,,
0FFNFA2K89G8T752EQ7QWCPYP9,26.49,2699864,2023-12-20 23:01:35 UTC,,,
0FFNFA4GJZC2NHAXKCV1GXFWQA,26.24,2699864,2023-12-20 23:01:42 UTC,,,
0FFNFA6DXZYDE0E64M7KZJZD1C,26.04,2699864,2023-12-20 23:01:48 UTC,,,
0FFNFA8BDBDW91WPYN0PZE26KF,26.03,2699864,2023-12-20 23:01:54 UTC,,,
0FFNFAA8QXCZV9H1TWTD14V50E,27.17,2699864,2023-12-20 23:02:00 UTC,,,
0FFNFAC677W93V4G3K2GMD5XCS,27.88,2699864,2023-12-20 23:02:07 UTC,,,
0FFNFAE3GRJPZD0EA1JYF4AW58,28.74,2699864,2023-12-20 23:02:13 UTC,,,
0FFNFAG0YX4TQHZYEPAGMEYYWC,28.75,2699864,2023-12-20 23:02:19 UTC,,,
0FFNFAHY994HHJAX648R3X8769,28.75,2699864,2023-12-20 23:02:26 UTC,,,
0FFNFAKVN3YE59DMD551CTVTNR,29.83,2699864,2023-12-20 23:02:32 UTC,,,
0FFNFANS1B2XEYF78AQMAPVWT0,30.57,2699864,2023-12-20 23:02:38 UTC,,,
0FFNFAQPFC7ZTBE0K6GJ47YKBN,30.52,2699864,2023-12-20 23:02:44 UTC,,,
0FFNFASKTG2EH0DFZ2KJSVJW89,29.24,2699864,2023-12-20 23:02:51 UTC,,,
0FFNFAVH8SYM3PYWPBFTQKJSZX,27.88,2699864,2023-12-20 23:02:57 UTC,,,
0FFNFAXEZCGQZ40ZW18ZPZ24YK,26.46,2699864,2023-12-20 23:03:03 UTC,,,
0FFNFAZC1RKMN4ZY3AZ7107T2E,25.49,2699864,2023-12-20 23:03:10 UTC,,,
0FFNFB19HR4SC8NK5CZ4PMBSZD,24.70,2699864,2023-12-20 23:03:16 UTC,,,
0FFNFB36TSWZE2JB2M83GGJHJY,24.59,2699864,2023-12-20 23:03:22 UTC,,,
0FFNFB547Y8DJ1Q7FEDDEFFHAQ,24.82,2699864,2023-12-20 23:03:28 UTC,,,
0FFNFB71QGKPVY4PKQWAWNMKV3,23.75,2699864,2023-12-20 23:03:35 UTC,,,
0FFNFB8YZAFZ882V4XNBTZ7RP5,21.91,2699864,2023-12-20 23:03:41 UTC,,,
0FFNFBAWB9JWGQBC0H5WWT46G3,21.07,2699864,2023-12-20 23:03:47 UTC,,,
0FFNFBCSXJDEFRJVVQB1P39B93,20.97,2699864,2023-12-20 23:03:54 UTC,,,
0FFNFBEQ8YH0SCD67YESW6A33E,21.39,2699864,2023-12-20 23:04:00 UTC,,,
0FFNFBGMKNWWQW9832KVQKP568,22.46,2699864,2023-12-20 23:04:06 UTC,,,
0FFNFBJHYGAEQWNZKEF2D11WS9,22.68,2699864,2023-12-20 23:04:12 UTC,,,
0FFNFBMFBQJJE54H1ZXTAJ2AY0,22.79,2699864,2023-12-20 23:04:19 UTC,,,
0FFNFBPCPN9H6ZAMXMTJCYXWW7,22.20,2699864,2023-12-20 23:04:25 UTC,,,
0FFNFBRA2QW6GK6XKDWB5J8ZW4,22.22,2699864,2023-12-20 23:04:31 UTC,,,
0FFNFBT7F665MB0NKXMVZ346ST,22.20,2699864,2023-12-20 23:04:38 UTC,,,
0FFNFBW4ZE5XH2ZE243XSAZ3GY,21.91,2699864,2023-12-20 23:04:44 UTC,,,
0FFNFBY28GV59VAV0T6E4NZTFF,21.60,2699864,2023-12-20 23:04:50 UTC,,,
0FFNFBZZNNNE8EDYPJDQRY7198,20.94,2699864,2023-12-20 23:04:56 UTC,,,
0FFNFC1X124AF8D7NHY4Y702SK,20.72,2699864,2023-12-20 23:05:03 UTC,,,
0FFNFC3TDVHES8EZTK1RCKXVH4,21.30,2699864,2023-12-20 23:05:09 UTC,,,
0FFNFC5QTAJMZ21YXQR029RZXG,21.23,2699864,2023-12-20 23:05:15 UTC,,,
0FFNFC7NAHX4Z53M432TJW5TGF,21.02,2699864,2023-12-20 23:05:22 UTC,,,
0FFNFC9JP1MHBMP1EKEJN6MSCV,21.35,2699864,2023-12-20 23:05:28 UTC,,,
0FFNFCBG2GK8V487JYKXGH3P95,21.92,2699864,2023-12-20 23:05:34 UTC,,,
0FFNFCDDBM8PC2V445K9KBNVR8,22.04,2699864,2023-12-20 23:05:40 UTC,,,
0FFNFCFATR5156274BECWQP4K0,22.33,2699864,2023-12-20 23:05:47 UTC,,,
0FFNFCH84P37D07GQ2NH5MPN0A,22.58,2699864,2023-12-20 23:05:53 UTC,,,
0FFNFCK5KKYD4JG9HA1FMATGFJ,21.80,2699864,2023-12-20 23:05:59 UTC,,,
0FFNFCN2YXXT43WXEPZDPTNZN9,21.62,2699864,2023-12-20 23:06:06 UTC,,,
0FFNFCQ0AQ6JCE246F8X25YGYS,21.22,2699864,2023-12-20 23:06:12 UTC,,,
0FFNFCRXPVSPS6VQVAJTBFNT05,21.35,2699864,2023-12-20 23:06:18 UTC,,,
0FFNFCTV31F71EMDJQVEZFWX6N,21.40,2699864,2023-12-20 23:06:24 UTC,,,
0FFNFCWRF4YWE9BAK6NZE66DCM,21.20,2699864,2023-12-20 23:06:31 UTC,,,
0FFNFCYNWE6NTFRK3WP0P6ZZVK,20.93,2699864,2023-12-20 23:06:37 UTC,,,
0FFNFD0KC0H9GZ59QB2560D12M,20.65,2699864,2023-12-20 23:06:43 UTC,,,
0FFNFD2GSFNG6TRNYQQHPRBGHK,20.86,2699864,2023-12-20 23:06:50 UTC,,,
0FFNFD4E1V0Q6PKJB6TPYC1EYG,20.50,2699864,2023-12-20 23:06:56 UTC,,,
0FFNFD6BFBY9Z5SQZ2FXGCYYCD,20.14,2699864,2023-12-20 23:07:02 UTC,,,
0FFNFD88W1FQJCEX9DDM7NEHP0,19.73,2699864,2023-12-20 23:07:08 UTC,,,
0FFNFDA679J217VYW799PB04N2,19.52,2699864,2023-12-20 23:07:15 UTC,,,
0FFNFDC3K4ZPJF8N4SRWMHP8QE,19.76,2699864,2023-12-20 23:07:21 UTC,,,
0FFNFDE11KX5KRYMT63BDB40S9,19.85,2699864,2023-12-20 23:07:27 UTC,,,
0FFNFDFYCJR7A6F4Q658WQ5CDF,19.61,2699864,2023-12-20 23:07:34 UTC,,,
0FFNFDHVSYNNAAV875P9A87WK7,19.17,2699864,2023-12-20 23:07:40 UTC,,,
0FFNFDKS6V57MNFGDD24JAJ086,19.15,2699864,2023-12-20 23:07:46 UTC,,,
0FFNFDNPRGDQ79VTYA1R4XJ4TK,19.47,2699864,2023-12-20 23:07:52 UTC,,,
0FFNFDQM16E692T4FHCF3S5DT0,19.74,2699864,2023-12-20 23:07:59 UTC,,,
0FFNFDSHA2VQVQ7RA2YKD0NAJG,19.54,2699864,2023-12-20 23:08:05 UTC,,,
0FFNFDVEQY694B75BV1ZT2Z222,19.26,2699864,2023-12-20 23:08:11 UTC,,,
0FFNFDXC4SYRDHQJR42FJEQHFW,19.29,2699864,2023-12-20 23:08:18 UTC,,,
0FFNFDZ9GK83ZW189PCM2BGBFX,19.12,2699864,2023-12-20 23:08:24 UTC,,,
0FFNFE16YN8G63P397FYS2GZR5,18.93,2699864,2023-12-20 23:08:30 UTC,,,
0FFNFE348QR1BTHF6N8T2C3CE8,19.50,2699864,2023-12-20 23:08:36 UTC,,,
0FFNFE51PBPKFR1K21KYS4TH40,19.78,2699864,2023-12-20 23:08:43 UTC,,,
0FFNFE6Z8BC90TY38E1WSQVPC4,19.50,2699864,2023-12-20 23:08:49 UTC,,,
0FFNFE8WV7ZFHFZ7HSPF2CPRWZ,19.18,2699864,2023-12-20 23:08:55 UTC,,,
0FFNFEASTVTF7SVQ07Z0H3XKWB,19.33,2699864,2023-12-20 23:09:02 UTC,,,
0FFNFECQ6M5WH7APZ8K123J87P,19.22,2699864,2023-12-20 23:09:08 UTC,,,
0FFNFEEMK74GANC4DRTX5RP89F,19.19,2699864,2023-12-20 23:09:14 UTC,,,
0FFNFEGJ05Y84A67XAQG7S146S,19.64,2699864,2023-12-20 23:09:20 UTC,,,
0FFNFEJFDRH6DX769WBQVE4GBA,19.92,2699864,2023-12-20 23:09:27 UTC,,,
0FFNFEMCRYCSPHK3C4YHJMKVA7,19.93,2699864,2023-12-20 23:09:33 UTC,,,
0FFNFEPA5D0A25H4BCBDFA9XZZ,19.49,2699864,2023-12-20 23:09:39 UTC,,,
0FFNFER7JZH7JBVWCXGWYJ038S,19.62,2699864,2023-12-20 23:09:46 UTC,,,
0FFNFET4YHCBNN2B5FJ7123N1S,19.49,2699864,2023-12-20 23:09:52 UTC,,,
0FFNFEW2B0JWQJNX8Y2WASJAQ3,19.04,2699864,2023-12-20 23:09:58 UTC,,,
0FFNFEXZV8MAAFV0VAV2EDGB6M,18.50,2699864,2023-12-20 23:10:04 UTC,,,
0FFNFEZX8FYXA2CN8F4AQ3X2DZ,18.13,2699864,2023-12-20 23:10:11 UTC,,,
0FFNFF1TPK0RXNJ2VEWH9R6HZN,18.15,2699864,2023-12-20 23:10:17 UTC,,,
0FFNFF3QY9Z39R8JK4ASBVXWBF,17.91,2699864,2023-12-20 23:10:23 UTC,,,
0FFNFF5N91JFSVEQCF4FHMAD7N,17.61,2699864,2023-12-20 23:10:30 UTC,,,
0FFNFF7JQD6VZJNCM817QF3NKZ,17.00,2699864,2023-12-20 23:10:36 UTC,,,
0FFNFF9G1YYHCTH1102Z61AXB1,17.07,2699864,2023-12-20 23:10:42 UTC,,,
0FFNFFBDHB5VRQFGBK4VHHTYHT,17.82,2699864,2023-12-20 23:10:48 UTC,,,
0FFNFFDAW3R1V127D0A909WFSP,17.82,2699864,2023-12-20 23:10:55 UTC,,,
0FFNFFF8ACQJDG3GBHJECESGYE,17.54,2699864,2023-12-20 23:11:01 UTC,,,
0FFNFFH5PED8QN4KN822PEDNPF,17.60,2699864,2023-12-20 23:11:07 UTC,,,
0FFNFFK3390644C4Z8TYKHD6CX,17.62,2699864,2023-12-20 23:11:14 UTC,,,
0FFNFFN0E4BBK5V2PN89VXF5XT,17.80,2699864,2023-12-20 23:11:20 UTC,,,
0FFNFFPXSTYGW59CJHKZ098JMQ,17.79,2699864,2023-12-20 23:11:26 UTC,,,
0FFNFFRV8VESGVWDB7NC03ZCD2,17.34,2699864,2023-12-20 23:11:32 UTC,,,
0FFNFFTRM38D8W2PE09R5QMH8A,17.19,2699864,2023-12-20 23:11:39 UTC,,,
0FFNFFWNZ7T30B1C3CSN673BMJ,16.91,2699864,2023-12-20 23:11:45 UTC,,,
0FFNFFYKEX0CZNV0KDB1YF7FM3,16.73,2699864,2023-12-20 23:11:51 UTC,,,
0FFNFG0GTYC2MC300Z0HMAYNR4,16.44,2699864,2023-12-20 23:11:58 UTC,,,
0FFNFG2E4VN7G2JZ50Z6SXK8YZ,16.39,2699864,2023-12-20 23:12:04 UTC,,,
0FFNFG4BMKCY0A88YTT1D5A7Y3,15.90,2699864,2023-12-20 23:12:10 UTC,,,
0FFNFG68XW5XAK0J0K1ENX820R,14.86,2699864,2023-12-20 23:12:16 UTC,,,
0FFNFG86AE096KSASVX5P1C237,14.48,2699864,2023-12-20 23:12:23 UTC,,,
0FFNFGA3QQDPYDFC9CPE38H490,14.91,2699864,2023-12-20 23:12:29 UTC,,,
0FFNFGC13TCCW0HZ21H78SY86T,15.24,2699864,2023-12-20 23:12:35 UTC,,,
0FFNFGDYZQCEAWS6ZHT3AA4JNV,15.98,2699864,2023-12-20 23:12:42 UTC,,,
0FFNFGFVWGJYAHRCTBXW6QXQ71,15.99,2699864,2023-12-20 23:12:48 UTC,,,
0FFNFGHS8RAZ4EYREGYDWH7Y0T,16.59,2699864,2023-12-20 23:12:54 UTC,,,
0FFNFGKPMTA69K0YC31YTY11PZ,16.57,2699864,2023-12-20 23:13:00 UTC,,,
0FFNFGNM0Q2REFZ2X16J0HSB90,15.06,2699864,2023-12-20 23:13:07 UTC,,,
0FFNFGQHE2T85KEA80VYR7B4WQ,14.42,2699864,2023-12-20 23:13:13 UTC,,,
0FFNFGSET5YZT90FN6SJGYXBTY,14.59,2699864,2023-12-20 23:13:19 UTC,,,
0FFNFGVC9QAY1RYGSJ437DGB7B,15.13,2699864,2023-12-20 23:13:26 UTC,,,
0FFNFGX9KM2JXS9MEN3PPNHG9M,16.21,2699864,2023-12-20 23:13:32 UTC,,,
0FFNFGZ75S6C3EZGF90VAK2H0T,17.05,2699864,2023-12-20 23:13:38 UTC,,,
0FFNFH14D4DMBRJFY1MK4S7347,17.38,2699864,2023-12-20 23:13:45 UTC,,,
0FFNFH320FG0HA79WFZ9EY8844,18.16,2699864,2023-12-20 23:13:51 UTC,,,
0FFNFH4Z7Z1A7A0SVDWEY7TRXH,18.20,2699864,2023-12-20 23:13:57 UTC,,,
0FFNFH6WR1VEPY1RWVR5X44SZW,17.97,2699864,2023-12-20 23:14:03 UTC,,,
0FFNFH8T07ARRESKBKXT7DBWRV,17.63,2699864,2023-12-20 23:14:10 UTC,,,
0FFNFHAQAY05X5V14MDC809MT4,16.65,2699864,2023-12-20 23:14:16 UTC,,,
0FFNFHCMPA8E3FE6EN1H2B4T2W,15.89,2699864,2023-12-20 23:14:22 UTC,,,
0FFNFHEJ3QNEC19AWKAFPAVX0C,15.47,2699864,2023-12-20 23:14:29 UTC,,,
0FFNFHGFRD2TB7MZ09KA4BSTHN,15.22,2699864,2023-12-20 23:14:35 UTC,,,
0FFNFHJD6WJEPG4G628T5NBHE7,15.59,2699864,2023-12-20 23:14:41 UTC,,,
0FFNFHMA9WVWT1XY6QMQ8F2DDB,15.79,2699864,2023-12-20 23:14:47 UTC,,,
0FFNFHP7PFTKDR2AZPN7MRYEDK,15.77,2699864,2023-12-20 23:14:54 UTC,,,
0FFNFHR533MT9RZ0JMDG29V27K,16.16,2699864,2023-12-20 23:15:00 UTC,,,
0FFNFHT2FPW4ZND3S8SD079Q2N,16.15,2699864,2023-12-20 23:15:06 UTC,,,
0FFNFHVZW565SSZH5BY6MDS1XC,16.15,2699864,2023-12-20 23:15:13 UTC,,,
0FFNFHXXAGMDRMFMRKJAWNF2PG,16.15,2699864,2023-12-20 23:15:19 UTC,,,
0FFNFHZTKDHHD0WZS3KC9WXJGQ,16.38,2699864,2023-12-20 23:15:25 UTC,,,
0FFNFJ1QZGK1YPYGYYG9AEXFP9,16.92,2699864,2023-12-20 23:15:31 UTC,,,
0FFNFJ3NF3E71DRVB4HSB84HDE,17.03,2699864,2023-12-20 23:15:38 UTC,,,
0FFNFJ5JVA5H48107BKXACPX1K,16.66,2699864,2023-12-20 23:15:44 UTC,,,
0FFNFJ7G7R21QX59N4GGB5HKTS,16.58,2699864,2023-12-20 23:15:50 UTC,,,
0FFNFJ9DPQAG553PG9VHBCSG02,16.05,2699864,2023-12-20 23:15:57 UTC,,,
0FFNFJBB5795RHN1HK0DA569WW,15.61,2699864,2023-12-20 23:16:03 UTC,,,
0FFNFJD8B1N0R2WT12CPQ2XZEF,15.01,2699864,2023-12-20 23:16:09 UTC,,,
0FFNFJF5PR3Y634C8PBNEGGFFF,14.93,2699864,2023-12-20 23:16:15 UTC,,,
0FFNFJH35PQCF616V1PYCAQW03,15.19,2699864,2023-12-20 23:16:22 UTC,,,
0FFNFJK0MHPJD7NASP4XQBCR9Q,15.64,2699864,2023-12-20 23:16:28 UTC,,,
0FFNFJMXXT34ER3CZSA04XYR2Y,15.82,2699864,2023-12-20 23:16:34 UTC,,,
0FFNFJPVCY9S9N7TJJYEGEZ068,15.00,2699864,2023-12-20 23:16:41 UTC,,,
0FFNFJRRP1GJ5ZQEE04NKHNYR5,14.42,2699864,2023-12-20 23:16:47 UTC,,,
0FFNFJTP49XK4K1D23RYM32FTV,14.68,2699864,2023-12-20 23:16:53 UTC,,,
0FFNFJWKJXZYB5CZ2F8WKQMNED,15.01,2699864,2023-12-20 23:16:59 UTC,,,
0FFNFJYGXT15YV2TJSD244TT7M,14.39,2699864,2023-12-20 23:17:06 UTC,,,
0FFNFK0E951F4A1RPZ09JYBYHQ,14.53,2699864,2023-12-20 23:17:12 UTC,,,
0FFNFK2BN8E6QWY7MANTBDVXVT,14.53,2699864,2023-12-20 23:17:18 UTC,,,
0FFNFK494AFHCYG9GSXYD87N56,15.03,2699864,2023-12-20 23:17:25 UTC,,,
0FFNFK66FHR3N3Z0869Y07X3RB,15.35,2699864,2023-12-20 23:17:31 UTC,,,
0FFNFK83TPMDX9DKYAEGQ9T086,15.46,2699864,2023-12-20 23:17:37 UTC,,,
0FFNFKA15WKMJCGJMB9118GJ5C,15.42,2699864,2023-12-20 23:17:43 UTC,,,
0FFNFKBYKGNG6D732HH940P7A2,15.22,2699864,2023-12-20 23:17:50 UTC,,,
0FFNFKDWBGJVARW9YH0N3E9Q4Z,14.99,2699864,2023-12-20 23:17:56 UTC,,,
0FFNFKFSCRZHHGMFHH8WTEBFKP,14.58,2699864,2023-12-20 23:18:02 UTC,,,
0FFNFKHPQP46BRQ95SKXWTG531,14.21,2699864,2023-12-20 23:18:09 UTC,,,
0FFNFKKM5VX410RDWYGGA6F277,13.55,2699864,2023-12-20 23:18:15 UTC,,,
0FFNFKNHHAE36TRZK9MM5YT4KV,13.43,2699864,2023-12-20 23:18:21 UTC,,,
0FFNFKQEXPDFPPK5HWCW87RY18,13.98,2699864,2023-12-20 23:18:27 UTC,,,
0FFNFKSCB6KHMHRABQHTX0QCCK,15.23,2699864,2023-12-20 23:18:34 UTC,,,
0FFNFKV9QTXYPH57VE7E171DPA,15.90,2699864,2023-12-20 23:18:40 UTC,,,
0FFNFKX734XDCDPCNE2CCBYSZ2,16.13,2699864,2023-12-20 23:18:46 UTC,,,
0FFNFKZ4GFKJD4TZQWP87Q7YPK,16.17,2699864,2023-12-20 23:18:53 UTC,,,
0FFNFM11WEY1Z77Z1DNCPEW6GM,16.24,2699864,2023-12-20 23:18:59 UTC,,,
0FFNFM2ZA0HZ51BD2HVFW6ESHW,16.35,2699864,2023-12-20 23:19:05 UTC,,,
0FFNFM4WRDA6XAW004WXEKSW4N,16.67,2699864,2023-12-20 23:19:11 UTC,,,
0FFNFM6T3EPY07Q1507Y32ZEWP,16.37,2699864,2023-12-20 23:19:18 UTC,,,
0FFNFM8QGJS54J2BDN50F59SKF,14.80,2699864,2023-12-20 23:19:24 UTC,,,
0FFNFMAMTNSD64G5CD04FPMH87,12.83,2699864,2023-12-20 23:19:30 UTC,,,
0FFNFMCJ72D30REXZY3QT4W5JN,10.52,2699864,2023-12-20 23:19:37 UTC,,,
0FFNFMEFKEEG1E8JB2FF46CCSG,8.66,2699864,2023-12-20 23:19:43 UTC,,,
0FFNFMGD24GZZQ9RTPADBC9909,7.24,2699864,2023-12-20 23:19:49 UTC,,,
0FFNFMJAGQGWZK1PGNXMYZ1GM7,7.86,2699864,2023-12-20 23:19:55 UTC,,,
0FFNFMM7VZTR05P64ADS4H9C6K,9.45,2699864,2023-12-20 23:20:02 UTC,,,
0FFNFMP55E3PVCFE0R98ZHJ821,17.47,2699864,2023-12-20 23:20:08 UTC,,,
0FFNFMR2J5FJSPBV97R8Z5Q8C8,29.62,2699864,2023-12-20 23:20:14 UTC,,,
0FFNFMSZZ8PBMTXDSF88XR82CS,29.46,2699864,2023-12-20 23:20:21 UTC,,,
0FFNFMVX9Y9YK7ZY6XKASRTK2J,29.83,2699864,2023-12-20 23:20:27 UTC,,,
0FFNFMXTSHE8FR1RM42T0VCV27,42.39,2699864,2023-12-20 23:20:33 UTC,,,
0FFNFMZR3X4TTVS7CXYCV27WVC,42.89,2699864,2023-12-20 23:20:39 UTC,,,
0FFNFN1NK9SNZ81MK5SZRTNZ93,41.79,2699864,2023-12-20 23:20:46 UTC,,,
0FFNFN3JW7H99YE7Q2CQJWY48V,56.86,2699864,2023-12-20 23:20:52 UTC,,,
0FFNFN5GD25997QMA0XJ0QWH24,66.94,2699864,2023-12-20 23:20:58 UTC,,,
0FFNFN7DNQA0C1GZVN5GD6SE4E,66.87,2699864,2023-12-20 23:21:05 UTC,,,
0FFNFN9B2VXNXHK78HPJ9QRY96,63.71,2699864,2023-12-20 23:21:11 UTC,,,
0FFNFNB8K0KCSTPCZ8GV0G00WK,61.59,2699864,2023-12-20 23:21:17 UTC,,,
0FFNFND5V1CE5RWTH0GN1N9AVS,60.80,2699864,2023-12-20 23:21:23 UTC,,,
0FFNFNF397PKJ0BKXXZ43MN21K,60.37,2699864,2023-12-20 23:21:30 UTC,,,
0FFNFNH0S6TR2SPNDTD4A1CJNC,58.87,2699864,2023-12-20 23:21:36 UTC,,,
0FFNFNJY088PJWAQZJR9AK3YNP,57.44,2699864,2023-12-20 23:21:42 UTC,,,
0FFNFNMVEWEMHE413RVQ301BK4,56.09,2699864,2023-12-20 23:21:49 UTC,,,
0FFNFNPRW28KC13TFKB79CHMME,56.07,2699864,2023-12-20 23:21:55 UTC,,,
0FFNFNRP5V35SP2DXFDV16N26T,73.61,2699864,2023-12-20 23:22:01 UTC,,,
0FFNFNTKMACK1NYDV3Y32R84AM,94.27,2699864,2023-12-20 23:22:07 UTC,,,
0FFNFNWGZE1JVVWZWGRH3T8GNZ,104.23,2699864,2023-12-20 23:22:14 UTC,,,
0FFNFNYEJH63FNRR8PKZJ0QHE2,102.61,2699864,2023-12-20 23:22:20 UTC,,,
0FFNFP0BZMKPMD2SSK5XVYTGXF,98.09,2699864,2023-12-20 23:22:26 UTC,,,
0FFNFP293DV0WS5EHR3XH0ZVZJ,79.97,2699864,2023-12-20 23:22:33 UTC,,,
0FFNFP46MV21QKAXN0Q3BQZ578,69.98,2699864,2023-12-20 23:22:39 UTC,,,
0FFNFP63Y1NFSPJYNGAG9ZVWCJ,101.90,2699864,2023-12-20 23:22:45 UTC,,,
0FFNFP81AFT9WAV40J2J137FKZ,198.84,2699864,2023-12-20 23:22:51 UTC,,,
0FFNFP9YTVPVR6PB6GFE1SKQZ9,194.95,2699864,2023-12-20 23:22:58 UTC,,,
0FFNFPBW3D3107E9YQCTV8M284,190.85,2699864,2023-12-20 23:23:04 UTC,,,
0FFNFPDSJB9CKQ7GMX4PYS4V80,190.10,2699864,2023-12-20 23:23:10 UTC,,,
0FFNFPFPYV35YH6NC3118W3W47,185.26,2699864,2023-12-20 23:23:17 UTC,,,
0FFNFPHM8EJD015RYYDX066MT2,179.11,2699864,2023-12-20 23:23:23 UTC,,,
0FFNFPKHM9YC4W9HS5E74T2X63,177.21,2699864,2023-12-20 23:23:29 UTC,,,
0FFNFPNF3T3WR4XSDXBCQBB1HM,176.27,2699864,2023-12-20 23:23:35 UTC,,,
0FFNFPQCH29QS5AKQTMAGEWBT2,172.24,2699864,2023-12-20 23:23:42 UTC,,,
0FFNFPS9V46SBWMAF7Q1QVK7DE,168.55,2699864,2023-12-20 23:23:48 UTC,,,
0FFNFPV7BXB43KX78R6CQ1V6EF,167.47,2699864,2023-12-20 23:23:54 UTC,,,
0FFNFPX4MQJ38ADW4T2K1946MB,166.34,2699864,2023-12-20 23:24:01 UTC,,,
0FFNFPZ21QMARAQ2KWHEXM5RHQ,163.78,2699864,2023-12-20 23:24:07 UTC,,,
0FFNFQ0ZFFQZ4WT1WNW277MEGH,162.29,2699864,2023-12-20 23:24:13 UTC,,,
0FFNFQ2X16WRVQY0TXWACCZ6YF,162.09,2699864,2023-12-20 23:24:19 UTC,,,
0FFNFQ4TFD3NPHBMQGX8KHA330,159.60,2699864,2023-12-20 23:24:26 UTC,,,
0FFNFQ6QHJT0Z809XM2E1CV99X,158.08,2699864,2023-12-20 23:24:32 UTC,,,
0FFNFQ8N679QZPB5GJZ203TNJH,156.94,2699864,2023-12-20 23:24:38 UTC,,,
0FFNFQAJHHWBJ1HGJ2J9X6MWJA,153.83,2699864,2023-12-20 23:24:45 UTC,,,
0FFNFQCFQ5N1K05FF2S1PQQ23N,152.33,2699864,2023-12-20 23:24:51 UTC,,,
0FFNFQED58188VRBJ7BW3Z9RCQ,152.50,2699864,2023-12-20 23:24:57 UTC,,,
0FFNFQGAJ5D2R5YBDYHY78H95E,151.68,2699864,2023-12-20 23:25:03 UTC,,,
0FFNFQJ8126EB1002R2X9PNXA1,148.55,2699864,2023-12-20 23:25:10 UTC,,,
0FFNFQM5EH3G8S8MW9PZV11KKV,146.29,2699864,2023-12-20 23:25:16 UTC,,,
0FFNFQP2QQXM8ZW0X90D4NRTRC,143.80,2699864,2023-12-20 23:25:22 UTC,,,
0FFNFQR03MQXS5CMWA2SVDV0PY,142.04,2699864,2023-12-20 23:25:29 UTC,,,
0FFNFQSXJABQF1N9HVEEGE29WD,140.34,2699864,2023-12-20 23:25:35 UTC,,,
0FFNFQVTXC6NHN5XRN7BDPG9N6,137.92,2699864,2023-12-20 23:25:41 UTC,,,
0FFNFQXR9JG4MMK2FT12J6G95W,137.25,2699864,2023-12-20 23:25:47 UTC,,,
0FFNFQZNR46A7YKAYP039CWQ8H,136.89,2699864,2023-12-20 23:25:54 UTC,,,
0FFNFR1K2CGC6RQDCXYMQEHB20,135.99,2699864,2023-12-20 23:26:00 UTC,,,
0FFNFR3GG3CEZEMNVM3CYMVXES,135.36,2699864,2023-12-20 23:26:06 UTC,,,
0FFNFR5E0EKWYQHE5J71NN6RM8,133.41,2699864,2023-12-20 23:26:13 UTC,,,
0FFNFR7B81R7NKGG8AVQ7X65PB,132.45,2699864,2023-12-20 23:26:19 UTC,,,
0FFNFR98NH6F4JTSWD6CNNZB3B,130.92,2699864,2023-12-20 23:26:25 UTC,,,
0FFNFRB6932SQD4SYEGSX3EA0C,128.44,2699864,2023-12-20 23:26:31 UTC,,,
0FFNFRD3CZQJ0HHAC0R74H0WGC,126.46,2699864,2023-12-20 23:26:38 UTC,,,
0FFNFRF0TZKHMQYC2XCQPGMJNG,124.78,2699864,2023-12-20 23:26:44 UTC,,,
0FFNFRGY7DN7S6QKRGGQT3H9SG,124.85,2699864,2023-12-20 23:26:50 UTC,,,
0FFNFRJVR61FPE27N0MQ0ZQQW5,125.34,2699864,2023-12-20 23:26:57 UTC,,,
0FFNFRMRYY5RS1GVCG8W3EVR8G,125.84,2699864,2023-12-20 23:27:03 UTC,,,
0FFNFRPPF1FE4KMSQ8J3FZQGWE,125.87,2699864,2023-12-20 23:27:09 UTC,,,
0FFNFRRKSE98JV95FQ4BK2K5HB,125.30,2699864,2023-12-20 23:27:15 UTC,,,
0FFNFRTH4ACD79GHR0N9CABFT9,124.57,2699864,2023-12-20 23:27:22 UTC,,,
0FFNFRWEJP2ZVMVAH9MTA491PT,123.41,2699864,2023-12-20 23:27:28 UTC,,,
0FFNFRYBYZ76K4FH7PAGKN71EF,123.03,2699864,2023-12-20 23:27:34 UTC,,,
0FFNFS09AR1GQ3MXR144HFMCQC,123.18,2699864,2023-12-20 23:27:41 UTC,,,
0FFNFS26YTZP95189079P4J36G,123.66,2699864,2023-12-20 23:27:47 UTC,,,
0FFNFS443ZATRJSY6APA90MSJC,122.78,2699864,2023-12-20 23:27:53 UTC,,,
0FFNFS61QS6KXF8ZQ7NNEDT2TD,122.49,2699864,2023-12-20 23:27:59 UTC,,,
0FFNFS7Z4GRCKHC0TG10GQCSYM,121.25,2699864,2023-12-20 23:28:06 UTC,,,
0FFNFS9W9EHYSQNJSV71PFEGWM,121.36,2699864,2023-12-20 23:28:12 UTC,,,
0FFNFSBSQEJWZWAC65KR72H0WK,121.74,2699864,2023-12-20 23:28:18 UTC,,,
0FFNFSDQ29NZRJH0NB0VC7J5K1,121.30,2699864,2023-12-20 23:28:25 UTC,,,
0FFNFSFMKQQET7MC4K9JNATB7K,120.05,2699864,2023-12-20 23:28:31 UTC,,,
0FFNFSHHT2R2VEW35NHB92P2F6,119.30,2699864,2023-12-20 23:28:37 UTC,,,
0FFNFSKF7QKZ807T7B1GTMGR5D,118.11,2699864,2023-12-20 23:28:43 UTC,,,
0FFNFSNCMG6BD1J6Y5Z90MRT9B,115.49,2699864,2023-12-20 23:28:50 UTC,,,
0FFNFSQA06J6GXW0ZZ7WVR02RK,111.24,2699864,2023-12-20 23:28:56 UTC,,,
0FFNFSS7DNN7K0ECY5008088NK,107.96,2699864,2023-12-20 23:29:02 UTC,,,
0FFNFSV4RQ6WRW5YN5BQ0X2M0N,107.87,2699864,2023-12-20 23:29:09 UTC,,,
0FFNFSX2806G5A2D8Q64F4T1HH,108.33,2699864,2023-12-20 23:29:15 UTC,,,
0FFNFSYZJ7E0MZNF003QP0FGRW,110.83,2699864,2023-12-20 23:29:21 UTC,,,
0FFNFT0X1CP235QRH8WV9T1HNT,112.79,2699864,2023-12-20 23:29:27 UTC,,,
0FFNFT2TB9PD5SAXTA0G95TCKS,114.56,2699864,2023-12-20 23:29:34 UTC,,,
0FFNFT4QS8F4GKFME27VAR2KGW,116.90,2699864,2023-12-20 23:29:40 UTC,,,
0FFNFT6NBVCZB0HFHAHW3XYH5Y,117.87,2699864,2023-12-20 23:29:46 UTC,,,
0FFNFT8JPFSV9HTKZ28TNMJZWR,116.51,2699864,2023-12-20 23:29:53 UTC,,,
0FFNFTAFX0GY76EFZFPJGN4RQQ,114.28,2699864,2023-12-20 23:29:59 UTC,,,
0FFNFTCDA4GDK8V3MNVH70YRGQ,114.30,2699864,2023-12-20 23:30:05 UTC,,,
0FFNFTEANKBPBPMD7EK2994BMG,115.61,2699864,2023-12-20 23:30:11 UTC,,,
0FFNFTG82PGQRMNJ5RGJ00P5YW,117.54,2699864,2023-12-20 23:30:18 UTC,,,
0FFNFTJ5HKW557RM8H7FAGW40T,118.07,2699864,2023-12-20 23:30:24 UTC,,,
0FFNFTM2VTY8KW7QARDN6KRCJ3,118.04,2699864,2023-12-20 23:30:30 UTC,,,
0FFNFTP5A4WJCSD3HP8ZB1A3MV,116.91,2699864,2023-12-20 23:30:37 UTC,,,
0FFNFTQXP3W2JZ8R4ZJEE0VR9Z,115.49,2699864,2023-12-20 23:30:43 UTC,,,
0FFNFTSV253WZ7T7FN55N8V447,114.75,2699864,2023-12-20 23:30:49 UTC,,,
0FFNFTVRGE6SKWSEM6EX84BS5K,114.12,2699864,2023-12-20 23:30:55 UTC,,,
0FFNFTXNZR5TK7R99Z8H4WYF2K,113.11,2699864,2023-12-20 23:31:02 UTC,,,
0FFNFTZK8B8MYDZ5R8A8N2EZ0N,111.65,2699864,2023-12-20 23:31:08 UTC,,,
0FFNFV1GMNFGWVWEM3J1CC00NY,111.81,2699864,2023-12-20 23:31:14 UTC,,,
0FFNFV3E1D54P1DX8D4CVVHS1K,111.66,2699864,2023-12-20 23:31:21 UTC,,,
0FFNFV5BDVCS6H215680AR6ABX,111.34,2699864,2023-12-20 23:31:27 UTC,,,
0FFNFV7939591WTWJEGC1BGZE0,110.85,2699864,2023-12-20 23:31:33 UTC,,,
0FFNFV966W35726HFDZ629PMHD,110.56,2699864,2023-12-20 23:31:39 UTC,,,
0FFNFVB3JT62GM8P0R7P19QSAT,109.64,2699864,2023-12-20 23:31:46 UTC,,,
0FFNFVD16VKK6Q7DXVHFMGFMTR,109.78,2699864,2023-12-20 23:31:52 UTC,,,
0FFNFVEYBK6Q0PZK20YVGQBP84,109.22,2699864,2023-12-20 23:31:58 UTC,,,
0FFNFVGVRMGAZZ9M1QGXQ2M8FA,109.02,2699864,2023-12-20 23:32:05 UTC,,,
0FFNFVJS5TSWM2VPBYAFM4YVVA,108.51,2699864,2023-12-20 23:32:11 UTC,,,
0FFNFVMPT17QKTE7ANTCVG4QFD,110.33,2699864,2023-12-20 23:32:17 UTC,,,
0FFNFVPKYMJMWAQ8FQN1T4D6AZ,111.38,2699864,2023-12-20 23:32:23 UTC,,,
0FFNFVRHAA7E3HBQ9QCR6R65EN,111.65,2699864,2023-12-20 23:32:30 UTC,,,
0FFNFVTEPVRCFZANG9HPRCZY6P,111.85,2699864,2023-12-20 23:32:36 UTC,,,
0FFNFVWC3Y3YAGNSQ4GFMVGND2,111.34,2699864,2023-12-20 23:32:42 UTC,,,
0FFNFVY9JJZ9EF0Z7NQY70BT8Q,110.40,2699864,2023-12-20 23:32:49 UTC,,,
0FFNFW06YNPQ851RPA34MJK5WR,109.21,2699864,2023-12-20 23:32:55 UTC,,,
0FFNFW249JNAPJW2235NTHNSPG,106.68,2699864,2023-12-20 23:33:01 UTC,,,
0FFNFW41SJVWMHCW9CZV6E8JXM,104.47,2699864,2023-12-20 23:33:07 UTC,,,
0FFNFW5Z2TH1399KGEJTW1W61X,103.32,2699864,2023-12-20 23:33:14 UTC,,,
0FFNFW7WG4FDTS34KNR8T6MECK,100.61,2699864,2023-12-20 23:33:20 UTC,,,
0FFNFW9SX3VC0NBZ6GJ6WEX62W,101.60,2699864,2023-12-20 23:33:26 UTC,,,
0FFNFWBQ6AQ48CNDPCPFKZW2P4,103.61,2699864,2023-12-20 23:33:33 UTC,,,
0FFNFWDMKDT2HNNXEMWRET7GBM,103.14,2699864,2023-12-20 23:33:39 UTC,,,
0FFNFWFHZ3HF69CK17TG8X945T,102.98,2699864,2023-12-20 23:33:45 UTC,,,
0FFNFWHFDDCXDBEJ1XSWN01Z1D,103.93,2699864,2023-12-20 23:33:51 UTC,,,
0FFNFWKCRSP9KRQYDET1T0YSE5,102.60,2699864,2023-12-20 23:33:58 UTC,,,
0FFNFWNA63ZF62MJFYDVB8RK6X,100.44,2699864,2023-12-20 23:34:04 UTC,,,
0FFNFWQ7MCWJME6RG6WZ1Q3PKB,98.88,2699864,2023-12-20 23:34:10 UTC,,,
0FFNFWS4Z6FKH81QJSZ85ZT2MB,99.23,2699864,2023-12-20 23:34:17 UTC,,,
0FFNFWV2DRZJMXGCRZG75T93MA,100.92,2699864,2023-12-20 23:34:23 UTC,,,
0FFNFWWZPBRWN6H2RW0P527P4S,101.60,2699864,2023-12-20 23:34:29 UTC,,,
0FFNFWYX77FYMV1TYZWC09EBRM,100.32,2699864,2023-12-20 23:34:36 UTC,,,
0FFNFX0TJB71WYEB0Y28ZWBR6A,99.50,2699864,2023-12-20 23:34:42 UTC,,,
0FFNFX2XM06A62ZWZ1PXKXCC7Z,99.30,2699864,2023-12-20 23:34:49 UTC,,,
0FFNFX4WXHHN355VXTZ18JVJ0C,100.56,2699864,2023-12-20 23:34:55 UTC,,,
0FFNFX6JPWDKH4CW24QKSP1GFV,101.74,2699864,2023-12-20 23:35:01 UTC,,,
0FFNFX8G3KDJ47Y753GNS9CDTV,102.96,2699864,2023-12-20 23:35:07 UTC,,,
0FFNFXADG32GFH4MXCKSV3ACNR,102.59,2699864,2023-12-20 23:35:13 UTC,,,
0FFNFXCAVVKYCG4Q2ZE06JT0Q9,102.86,2699864,2023-12-20 23:35:19 UTC,,,
0FFNFXE893Q5QXXY3WRMD7X20G,102.86,2699864,2023-12-20 23:35:26 UTC,,,
0FFNFXG5MZHZW2CHB8BY7MAKCB,102.84,2699864,2023-12-20 23:35:32 UTC,,,
0FFNFXJ31R318HEZ5W0C3R52TP,102.07,2699864,2023-12-20 23:35:38 UTC,,,
0FFNFXM0FCRNQC040EH55CKMZJ,99.71,2699864,2023-12-20 23:35:45 UTC,,,
0FFNFXNY0Q79RYWQVQDWHYBW2K,100.16,2699864,2023-12-20 23:35:51 UTC,,,
0FFNFXQV7SQ79M6EC818TDH8E5,100.83,2699864,2023-12-20 23:35:57 UTC,,,
0FFNFXSRJEWYBD8WTSHV27RZRE,102.13,2699864,2023-12-20 23:36:04 UTC,,,
0FFNFXVNZ93YWZ35577SNVWFET,100.77,2699864,2023-12-20 23:36:10 UTC,,,
0FFNFXXKBVFWZAVBHG6775MYDE,98.22,2699864,2023-12-20 23:36:16 UTC,,,
0FFNFXZGRMM39PP8XBS637B2AR,94.89,2699864,2023-12-20 23:36:22 UTC,,,
0FFNFY1E5B6K2QPJ5HT9N0GWCJ,91.81,2699864,2023-12-20 23:36:29 UTC,,,
0FFNFY3BKA3YBGTC95YTWJ88AE,91.20,2699864,2023-12-20 23:36:35 UTC,,,
0FFNFY58XEHTN30QHV6PXPE9PK,90.85,2699864,2023-12-20 23:36:41 UTC,,,
0FFNFY76DE4N5C9ACGFD7HE19G,88.81,2699864,2023-12-20 23:36:48 UTC,,,
0FFNFY93RG9P8SR01501V46NEP,87.82,2699864,2023-12-20 23:36:54 UTC,,,
0FFNFYB139KTG4R3CMEQVQG42M,87.40,2699864,2023-12-20 23:37:00 UTC,,,
0FFNFYCYH5AYTHSPFMJ9Q8QGAY,81.75,2699864,2023-12-20 23:37:06 UTC,,,
0FFNFYEVYH3D4ABXV3D7G72CBY,78.52,2699864,2023-12-20 23:37:13 UTC,,,
0FFNFYGS8GFFATB24R633F16FB,81.94,2699864,2023-12-20 23:37:19 UTC,,,
0FFNFYJPN9CP37JFGG1XP6Q8PP,85.46,2699864,2023-12-20 23:37:25 UTC,,,
0FFNFYMM30D9P0BFB3C04HYYA2,83.59,2699864,2023-12-20 23:37:32 UTC,,,
0FFNFYPHH620JANQP4MEVXSXW0,85.30,2699864,2023-12-20 23:37:38 UTC,,,
0FFNFYREWSVZ14D459ZC77EPWB,88.79,2699864,2023-12-20 23:37:44 UTC,,,
0FFNFYTC8CY24NZ6X98N08PV1G,90.68,2699864,2023-12-20 23:37:50 UTC,,,
0FFNFYW9TENA3R831VYF89J4J3,92.37,2699864,2023-12-20 23:37:57 UTC,,,
0FFNFYY772TWY9H3201WEWS5Q3,94.05,2699864,2023-12-20 23:38:03 UTC,,,
0FFNFZ04CYMGZXKC0MEXJE4WHE,92.00,2699864,2023-12-20 23:38:09 UTC,,,
0FFNFZ21SRGCESTSMG6Y1CQQ78,90.96,2699864,2023-12-20 23:38:16 UTC,,,
0FFNFZ3Z5J7Q0XGP1NCACFS4TS,88.44,2699864,2023-12-20 23:38:22 UTC,,,
0FFNFZ5WJ99T0VJGSKC0W7F79D,87.47,2699864,2023-12-20 23:38:28 UTC,,,
0FFNFZ7T3C3AD7BSWYWQFPVYD5,87.50,2699864,2023-12-20 23:38:34 UTC,,,
0FFNFZ9QBATNM5S9E5HQP9HRPQ,89.30,2699864,2023-12-20 23:38:41 UTC,,,
0FFNFZBMS7Z51G8M2NMC2RDK1J,92.83,2699864,2023-12-20 23:38:47 UTC,,,
0FFNFZDJ3A87E404S22YV7CG2S,92.65,2699864,2023-12-20 23:38:53 UTC,,,
0FFNFZFFKQH1VJ14V4RP3KJSPY,92.29,2699864,2023-12-20 23:39:00 UTC,,,
0FFNFZHCXC0H51RNQX38TBAB98,92.07,2699864,2023-12-20 23:39:06 UTC,,,
0FFNFZKA8R3RMMTYD8S9R5SQT9,89.21,2699864,2023-12-20 23:39:12 UTC,,,
0FFNFZN7P0NQC3505VVYNS7DVC,87.81,2699864,2023-12-20 23:39:18 UTC,,,
0FFNFZQ52CABEZK04D0DHE1SM1,88.82,2699864,2023-12-20 23:39:25 UTC,,,
0FFNFZS2J2K50497KXYRRM9MW6,88.45,2699864,2023-12-20 23:39:31 UTC,,,
0FFNFZTZWQ2XMRBWJ1086MPRZR,87.77,2699864,2023-12-20 23:39:37 UTC,,,
0FFNFZWX74ABXETJ1YCEEKQ285,87.29,2699864,2023-12-20 23:39:44 UTC,,,
0FFNFZYTPYWG5E2XENF9XBY91Z,87.35,2699864,2023-12-20 23:39:50 UTC,,,
0FFNG00R2SBYZ3GKTVEBP1TH5X,84.90,2699864,2023-12-20 23:39:56 UTC,,,
0FFNG02NCKKM4WR6VPSZH6BDGG,81.69,2699864,2023-12-20 23:40:02 UTC,,,
0FFNG04KAXJJBFCV7N2BEM8QW2,77.00,2699864,2023-12-20 23:40:09 UTC,,,
0FFNG06G6EMVC79WN0M20MJC6Q,79.54,2699864,2023-12-20 23:40:15 UTC,,,
0FFNG08DKFMEG911M6NDFPSWKQ,85.22,2699864,2023-12-20 23:40:21 UTC,,,
0FFNG0AB3D1FHNPA3X0TNKNQQQ,89.71,2699864,2023-12-20 23:40:28 UTC,,,
0FFNG0C8CT99PCDBPW20SC66J7,89.92,2699864,2023-12-20 23:40:34 UTC,,,
0FFNG0E5SHGE39BMRK6SM87AV0,88.79,2699864,2023-12-20 23:40:40 UTC,,,
0FFNG0G379YHFPZBFRC7BN6KD4,87.49,2699864,2023-12-20 23:40:46 UTC,,,
0FFNG0J0J4TBSNFHCC7HA12W0Y,88.01,2699864,2023-12-20 23:40:53 UTC,,,
0FFNG0KXXEPXVEA7D18B3CNYYE,89.40,2699864,2023-12-20 23:40:59 UTC,,,
0FFNG0NV9TAPR3DGYGDJP7PCJZ,89.69,2699864,2023-12-20 23:41:05 UTC,,,
0FFNG0QRPH5Y0RKWDNQBC16W8F,85.61,2699864,2023-12-20 23:41:12 UTC,,,
0FFNG0SP4DJPGZ1QBA6TNWMY05,85.83,2699864,2023-12-20 23:41:18 UTC,,,
0FFNG0VKFTA2WYF1Z447FZVS1N,86.71,2699864,2023-12-20 23:41:24 UTC,,,
0FFNG0XGWQG8MCDM7DJNQWXDY1,85.83,2699864,2023-12-20 23:41:30 UTC,,,
0FFNG0ZE8QXMVFGJCF5K0PS83F,81.65,2699864,2023-12-20 23:41:37 UTC,,,
0FFNG11BNTGR4Q5YX3D4H0PFDK,79.60,2699864,2023-12-20 23:41:43 UTC,,,
0FFNG1396X1N19FH32345Y2YDP,76.81,2699864,2023-12-20 23:41:49 UTC,,,
0FFNG156EBPJM1K1EKG4QR39EG,75.73,2699864,2023-12-20 23:41:56 UTC,,,
0FFNG173VBXTR739CCWKS30BGF,75.79,2699864,2023-12-20 23:42:02 UTC,,,
0FFNG1917JAW2HH31P1SGVSP6X,69.80,2699864,2023-12-20 23:42:08 UTC,,,
0FFNG1AYMDEZR6GDHJ6WKM10M4,67.59,2699864,2023-12-20 23:42:14 UTC,,,
0FFNG1CW24A826ZWD7D3AZAHP5,69.57,2699864,2023-12-20 23:42:21 UTC,,,
0FFNG1ESCRV3CTP4QASBTDRAGW,74.09,2699864,2023-12-20 23:42:27 UTC,,,
0FFNG1GPT7D1YDB0XM3MXA398Z,74.63,2699864,2023-12-20 23:42:33 UTC,,,
0FFNG1JMAHZGXCV8JGZD0D8P6C,72.12,2699864,2023-12-20 23:42:40 UTC,,,
0FFNG1MHKN0TWNAZ0ERKPXW2M3,73.53,2699864,2023-12-20 23:42:46 UTC,,,
0FFNG1PF3PC0612PP7E9WH3M4C,74.70,2699864,2023-12-20 23:42:52 UTC,,,
0FFNG1RCGDEN7YK58KW6KW1598,74.18,2699864,2023-12-20 23:42:58 UTC,,,
0FFNG1T9TAFNZ1WHC3111YRX0P,77.09,2699864,2023-12-20 23:43:05 UTC,,,
0FFNG1W7495GV3SB651QMJ0NJF,79.86,2699864,2023-12-20 23:43:11 UTC,,,
0FFNG1Y4HVJW35DHFKWTB5YB5T,82.59,2699864,2023-12-20 23:43:17 UTC,,,
0FFNG201Z788GMWZG140KHV3RQ,84.75,2699864,2023-12-20 23:43:24 UTC,,,
0FFNG21Z90VMSYH8GHD3HNX0MN,85.61,2699864,2023-12-20 23:43:30 UTC,,,
0FFNG23WPVME0JFYD7R4ZS6S73,83.29,2699864,2023-12-20 23:43:36 UTC,,,
0FFNG25T4W4YN1JFWV8CFYBENT,86.09,2699864,2023-12-20 23:43:42 UTC,,,
0FFNG27QR8TND4H7RN055064N0,86.93,2699864,2023-12-20 23:43:49 UTC,,,
0FFNG29MTSQ547YREK9DVMMV05,85.89,2699864,2023-12-20 23:43:55 UTC,,,
0FFNG2BJABC9SJ7A2GZA4AWQQ9,80.45,2699864,2023-12-20 23:44:01 UTC,,,
0FFNG2DFKB5YESRQ61C7CEKZ0S,71.04,2699864,2023-12-20 23:44:08 UTC,,,
0FFNG2FD7A4R9ESNH0TWPCR7Z1,67.84,2699864,2023-12-20 23:44:14 UTC,,,
0FFNG2HACFRFP1EGHDPQ3KATS4,73.93,2699864,2023-12-20 23:44:20 UTC,,,
0FFNG2K7VNBDTMJ5WTS32NYBDF,76.07,2699864,2023-12-20 23:44:26 UTC,,,
0FFNG2N56KPD4BP34QEP7R6MVZ,72.36,2699864,2023-12-20 23:44:33 UTC,,,
0FFNG2Q2K3CDMCDA0XG2F8V08H,71.92,2699864,2023-12-20 23:44:39 UTC,,,
0FFNG2RZZQ9AZ53SP71CTNG5WD,72.99,2699864,2023-12-20 23:44:45 UTC,,,
0FFNG2TXC14NVB5405Q7Y9034K,69.27,2699864,2023-12-20 23:44:52 UTC,,,
0FFNG2WTX3BJ066MT8ERWXPHMR,67.78,2699864,2023-12-20 23:44:58 UTC,,,
0FFNG2YR55E7HVFKP6Q98AWZJB,69.66,2699864,2023-12-20 23:45:04 UTC,,,
0FFNG30NJZ0QDXY85K5BKR2HXD,73.38,2699864,2023-12-20 23:45:10 UTC,,,
0FFNG32K1XDBRKM9G6WYASQN5X,76.03,2699864,2023-12-20 23:45:17 UTC,,,
0FFNG34GBEFJ4S912Q81AGS9JE,78.22,2699864,2023-12-20 23:45:23 UTC,,,
0FFNG36DP322NSKH299MS08AQX,77.19,2699864,2023-12-20 23:45:29 UTC,,,
0FFNG38B3MJ6BJ8BSGWWTH2D6D,77.21,2699864,2023-12-20 23:45:36 UTC,,,
0FFNG3A8GJAQCA8C7J0F07DFVM,79.09,2699864,2023-12-20 23:45:42 UTC,,,
0FFNG3C5XP3Q5WEC6MV8R8PE2K,80.49,2699864,2023-12-20 23:45:48 UTC,,,
0FFNG3E39FM2HBAA9613GRD1WZ,80.89,2699864,2023-12-20 23:45:54 UTC,,,
0FFNG3G0R7KA8XBNMT1YND7VAZ,77.07,2699864,2023-12-20 23:46:01 UTC,,,
0FFNG3HY15RW3CFV12YYG6GBW1,68.40,2699864,2023-12-20 23:46:07 UTC,,,
0FFNG3KVGE36FSFEKNQCR4A8CX,50.68,2699864,2023-12-20 23:46:13 UTC,,,
0FFNG3NRWKJHYS4HYJA0M989FV,65.63,2699864,2023-12-20 23:46:20 UTC,,,
0FFNG3QP9VNYNK5A7PX5FRN83C,69.12,2699864,2023-12-20 23:46:26 UTC,,,
0FFNG3SKS9CCPQS94F8SQS3WHQ,72.49,2699864,2023-12-20 23:46:32 UTC,,,
0FFNG3VH07SY2C1BAGTHX7FDDP,74.91,2699864,2023-12-20 23:46:38 UTC,,,
0FFNG3XEMHAYK6HE703PDCF3XY,75.08,2699864,2023-12-20 23:46:45 UTC,,,
0FFNG3ZBW2PPPQJ0AJC3CQ5QZE,75.14,2699864,2023-12-20 23:46:51 UTC,,,
0FFNG4197H0S3RTCWPGDA4AYWY,75.56,2699864,2023-12-20 23:46:57 UTC,,,
0FFNG436JW2XZ740YB28AFX2YM,77.81,2699864,2023-12-20 23:47:04 UTC,,,
0FFNG453YDZSSTBV23MSC54Q5G,78.89,2699864,2023-12-20 23:47:10 UTC,,,
0FFNG471CMRSS97QRDKQ1VM395,77.58,2699864,2023-12-20 23:47:16 UTC,,,
0FFNG48YPXNE7W34VZW2TPSWXV,76.44,2699864,2023-12-20 23:47:22 UTC,,,
0FFNG4AW579KGYXQX77KB3J844,74.67,2699864,2023-12-20 23:47:29 UTC,,,
0FFNG4CSFP87XQADQCKYFNATKJ,74.63,2699864,2023-12-20 23:47:35 UTC,,,
0FFNG4EPWKV239WJJV9KD63SBM,75.95,2699864,2023-12-20 23:47:41 UTC,,,
0FFNG4GMA5QM0VEF8KC4YJ2G9S,76.57,2699864,2023-12-20 23:47:48 UTC,,,
0FFNG4JHNS8BG6X3QTJJB83WK0,77.15,2699864,2023-12-20 23:47:54 UTC,,,
0FFNG4MF2HD4Z5JHHY0QKH65DT,76.74,2699864,2023-12-20 23:48:00 UTC,,,
0FFNG4PCM6JDRCT79PJKHHCEHW,75.89,2699864,2023-12-20 23:48:06 UTC,,,
0FFNG4R9TK8T189ADG906E4FB4,75.60,2699864,2023-12-20 23:48:13 UTC,,,
0FFNG4T77QVF0YP57N8HCJGMWE,75.18,2699864,2023-12-20 23:48:19 UTC,,,
0FFNG4W4KJ1C4FBNXG74VAR1EH,76.45,2699864,2023-12-20 23:48:25 UTC,,,
0FFNG4Y1ZYW9108Q6817H0YBEG,76.11,2699864,2023-12-20 23:48:32 UTC,,,
0FFNG4ZZD7Z84RA3BQ33N43ZZB,75.67,2699864,2023-12-20 23:48:38 UTC,,,
0FFNG51WSSVNYPZHKPPF2JJH17,74.82,2699864,2023-12-20 23:48:44 UTC,,,
0FFNG53T68XK9KN9E9WWJMVKJR,74.68,2699864,2023-12-20 23:48:50 UTC,,,
0FFNG55QJZ9Q0YRN20YE34SRDW,74.18,2699864,2023-12-20 23:48:57 UTC,,,
0FFNG57MYYCG696E7HXXAHXZRX,73.65,2699864,2023-12-20 23:49:03 UTC,,,
0FFNG59JAY6ESWX5GCS1RJ80G4,73.66,2699864,2023-12-20 23:49:09 UTC,,,
0FFNG5BFQ4WT6E6WVC46PYQ6DK,74.13,2699864,2023-12-20 23:49:16 UTC,,,
0FFNG5DD5EER5GR9P51WWDEC73,75.16,2699864,2023-12-20 23:49:22 UTC,,,
0FFNG5FAJKZ38DKC7SVMH6G28Q,75.26,2699864,2023-12-20 23:49:28 UTC,,,
0FFNG5H7ZNMWFQGMSR3E58C2Z9,75.45,2699864,2023-12-20 23:49:34 UTC,,,
0FFNG5K5B7C0VHAX3QQ6JDSDTB,75.32,2699864,2023-12-20 23:49:41 UTC,,,
0FFNG5N2P6FGAAHVYVT2R4QA9K,75.25,2699864,2023-12-20 23:49:47 UTC,,,
0FFNG5Q0232FT714409VKVQN6N,75.33,2699864,2023-12-20 23:49:53 UTC,,,
0FFNG5RXMHPY93XHPK3HS97YH9,75.87,2699864,2023-12-20 23:50:00 UTC,,,
0FFNG5TTX2J2NMZJHY37PRZWJ6,74.93,2699864,2023-12-20 23:50:06 UTC,,,
0FFNG5WRAVA4X0Z6G9PCE7X1Z4,75.84,2699864,2023-12-20 23:50:12 UTC,,,
0FFNG5YNMYD0W6XZQSF0CM1DRY,75.97,2699864,2023-12-20 23:50:18 UTC,,,
0FFNG60K5HK6D10H79KPAJGXZB,74.06,2699864,2023-12-20 23:50:25 UTC,,,
0FFNG62GEFJ1CSPRCNN5E467AS,71.41,2699864,2023-12-20 23:50:31 UTC,,,
0FFNG64DV06PNQ5ATFSFWDHCH3,71.70,2699864,2023-12-20 23:50:37 UTC,,,
0FFNG66B6ZGRJQWAV8NW4XSBCN,74.32,2699864,2023-12-20 23:50:44 UTC,,,
0FFNG688J63DB7R6T0Y5BSPQSX,75.90,2699864,2023-12-20 23:50:50 UTC,,,
0FFNG6A5ZFR70RGKS80Q0JET7F,75.66,2699864,2023-12-20 23:50:56 UTC,,,
0FFNG6C3CX68HSMYAEA16Z48KD,74.36,2699864,2023-12-20 23:51:02 UTC,,,
0FFNG6E0RQA66JMD8AD8Z7CXSP,73.84,2699864,2023-12-20 23:51:09 UTC,,,
0FFNG6FY5A17HS186RM1FJXQV4,73.58,2699864,2023-12-20 23:51:15 UTC,,,
0FFNG6HVGTAGWNYMKFXRNJPY34,73.09,2699864,2023-12-20 23:51:21 UTC,,,
0FFNG6KRXMR7FDP9EQ9BB4WRGG,71.20,2699864,2023-12-20 23:51:28 UTC,,,
0FFNG6NPA9XRGSMXXJ8X1CKJ83,69.88,2699864,2023-12-20 23:51:34 UTC,,,
0FFNG6QKQRCB1251S79RQ7N4WS,69.96,2699864,2023-12-20 23:51:40 UTC,,,
0FFNG6SQNP0RQ0PCR3VS00MGWX,70.06,2699864,2023-12-20 23:51:47 UTC,,,
0FFNG6VEG3R2GJ0XT34DXTX6FR,70.03,2699864,2023-12-20 23:51:53 UTC,,,
0FFNG6XBVJKKDMM4EYGKDC4270,68.06,2699864,2023-12-20 23:51:59 UTC,,,
0FFNG6Z9AKM5DRZFF8S70EYGSE,64.02,2699864,2023-12-20 23:52:05 UTC,,,
0FFNG716TP8ZEKMWMTW07K6G5E,65.84,2699864,2023-12-20 23:52:12 UTC,,,
0FFNG7343W1TTVZ0EYHSHW5CPK,66.77,2699864,2023-12-20 23:52:18 UTC,,,
0FFNG751ENDFSV3D597DXDGYJA,68.50,2699864,2023-12-20 23:52:24 UTC,,,
0FFNG76YYCT3M3YDZ81GBG8J1T,68.44,2699864,2023-12-20 23:52:30 UTC,,,
0FFNG78W72397WQACVHNCSYP5Q,66.94,2699864,2023-12-20 23:52:37 UTC,,,
0FFNG7ASKHBTMD9H7S99QM43GS,63.86,2699864,2023-12-20 23:52:43 UTC,,,
0FFNG7CQ00DY3MBEVCDBT54YF9,62.94,2699864,2023-12-20 23:52:49 UTC,,,
0FFNG7EMNZZ7K98T5B4EP42YNC,64.72,2699864,2023-12-20 23:52:56 UTC,,,
0FFNG7GHS123E2H3EV77FPZ6XV,65.57,2699864,2023-12-20 23:53:02 UTC,,,
0FFNG7JF6Y0N8TSJSV12T57XEP,66.98,2699864,2023-12-20 23:53:08 UTC,,,
0FFNG7MCJHTWZ3HK980NEATVA8,68.19,2699864,2023-12-20 23:53:14 UTC,,,
0FFNG7P9YH9GASFN7SJ5BN9GJ9,69.66,2699864,2023-12-20 23:53:21 UTC,,,
0FFNG7R7FGBVYPFB5KGM0ST10Z,70.38,2699864,2023-12-20 23:53:27 UTC,,,
0FFNG7T4Q6AAACEWRCJ563XMSV,70.80,2699864,2023-12-20 23:53:33 UTC,,,
0FFNG7W23DSA0TD4Q3HS41V8E5,71.43,2699864,2023-12-20 23:53:40 UTC,,,
0FFNG7XZG9GBJ01RT8MWKFDHH8,71.08,2699864,2023-12-20 23:53:46 UTC,,,
0FFNG7ZWXXA2GS523RNV7AKZQZ,71.19,2699864,2023-12-20 23:53:52 UTC,,,
0FFNG81TB9HF25R73MD4Q9JR4Z,71.30,2699864,2023-12-20 23:53:58 UTC,,,
0FFNG83QQ4FAXBQK1KZA9BAWBQ,71.39,2699864,2023-12-20 23:54:05 UTC,,,
0FFNG85N4ENJ5M5TM7FZC35AP6,71.60,2699864,2023-12-20 23:54:11 UTC,,,
0FFNG87JJMX6M7W0G6C9GYZRFW,71.77,2699864,2023-12-20 23:54:17 UTC,,,
0FFNG89FVWZMF953MTSWA0P18A,70.98,2699864,2023-12-20 23:54:24 UTC,,,
0FFNG8BD9Q5PF4WVV2T8K5BD3Z,70.79,2699864,2023-12-20 23:54:30 UTC,,,
0FFNG8DAN3A6NKN785Z7AS28QS,70.24,2699864,2023-12-20 23:54:36 UTC,,,
0FFNG8F8295BF2SW5FVA232CKE,68.61,2699864,2023-12-20 23:54:42 UTC,,,
0FFNG8H5ECZ9GGY4XFHRTR2FGR,68.60,2699864,2023-12-20 23:54:49 UTC,,,
0FFNG8K2T1KNKYRP193FM4TGD2,68.55,2699864,2023-12-20 23:54:55 UTC,,,
0FFNG8N07GND0DYP4HM3DTS4S2,68.97,2699864,2023-12-20 23:55:01 UTC,,,
0FFNG8PXNQE3SX7HM9B106RQE8,68.98,2699864,2023-12-20 23:55:08 UTC,,,
0FFNG8RV0N653N4RW8J3BBF3K6,67.65,2699864,2023-12-20 23:55:14 UTC,,,
0FFNG8TRBZ321DNVAG8N20Q6HV,65.83,2699864,2023-12-20 23:55:20 UTC,,,
0FFNG8WNREA5VCZBFRR4SJTHRG,65.44,2699864,2023-12-20 23:55:26 UTC,,,
0FFNG8YK5D303AZDDNA22SKH7E,66.15,2699864,2023-12-20 23:55:33 UTC,,,
0FFNG90GJSBH0E47E8AMPMCSF0,66.15,2699864,2023-12-20 23:55:39 UTC,,,
0FFNG92E5CVSW0HZ1H1MXAFZEQ,66.24,2699864,2023-12-20 23:55:45 UTC,,,
0FFNG94B9V9SHDFA7D33ZNEAH9,66.80,2699864,2023-12-20 23:55:52 UTC,,,
0FFNG968PE2HFWDBTT48T3T5RT,65.89,2699864,2023-12-20 23:55:58 UTC,,,
0FFNG9862ETWAR7AQWT2PN9GRN,65.46,2699864,2023-12-20 23:56:04 UTC,,,
0FFNG9A3G7JQNAMVW6A3T6VSGC,66.23,2699864,2023-12-20 23:56:10 UTC,,,
0FFNG9C0VCZ6925DNZ0EJAYDTR,66.70,2699864,2023-12-20 23:56:17 UTC,,,
0FFNG9DY82Z55XZR8KDM4WHMVH,67.06,2699864,2023-12-20 23:56:23 UTC,,,
0FFNG9FVMN953AGD3GEJS82Y6S,67.53,2699864,2023-12-20 23:56:29 UTC,,,
0FFNG9HS2PWCHKB7W4ST583T60,66.87,2699864,2023-12-20 23:56:36 UTC,,,
0FFNG9KPFJ74H6JRV6MDK3TZCE,66.62,2699864,2023-12-20 23:56:42 UTC,,,
0FFNG9NKTM702912AVQ0WDNMJJ,66.20,2699864,2023-12-20 23:56:48 UTC,,,
0FFNG9QH7AH7BPHX4ZQ64AESYB,66.48,2699864,2023-12-20 23:56:54 UTC,,,
0FFNG9SEKVC5CTXF35D6YBVJ7W,66.43,2699864,2023-12-20 23:57:01 UTC,,,
0FFNG9VBZEXVKTD7DRR0AXMNEZ,66.45,2699864,2023-12-20 23:57:07 UTC,,,
0FFNG9X9FBFW5P6TA3JJVEVPNS,67.11,2699864,2023-12-20 23:57:13 UTC,,,
0FFNG9Z6VJ7JA0ZCNZ7EH4W90Z,66.89,2699864,2023-12-20 23:57:20 UTC,,,
0FFNGA146M4G6ZH4ZWMG6DDVDQ,66.69,2699864,2023-12-20 23:57:26 UTC,,,
0FFNGA31J7P1BD5Q9NB3T7FNK4,66.68,2699864,2023-12-20 23:57:32 UTC,,,
0FFNGA4Z0VH0J35SHMH7P7C4TD,66.57,2699864,2023-12-20 23:57:38 UTC,,,
0FFNGA6WACBAB3EP1Z839FBM59,65.02,2699864,2023-12-20 23:57:45 UTC,,,
0FFNGA8ST0XKV362BTN7GF3PSQ,63.19,2699864,2023-12-20 23:57:51 UTC,,,
0FFNGAAQ35BXTWKHDSK7X8NSJ0,63.99,2699864,2023-12-20 23:57:57 UTC,,,
0FFNGACMFTHYWPPWC7AX909M1K,64.80,2699864,2023-12-20 23:58:04 UTC,,,
0FFNGAEHWBQW5CGGNXKM7XZM5Z,64.79,2699864,2023-12-20 23:58:10 UTC,,,
0FFNGAGF9WT0393HAMEQAA3SCD,63.36,2699864,2023-12-20 23:58:16 UTC,,,
0FFNGAJCQN0257PQPPAR2EDFRK,63.75,2699864,2023-12-20 23:58:23 UTC,,,
0FFNGAMA4B44BME7PJBMSDGJZM,64.76,2699864,2023-12-20 23:58:29 UTC,,,
0FFNGAPDTMDFY6FMXTX304TP2M,64.75,2699864,2023-12-20 23:58:36 UTC,,,
0FFNGAR4XCQQPP6XYYK47AEJ26,63.89,2699864,2023-12-20 23:58:41 UTC,,,
0FFNGAT29PPKQQA3AECADJZ1J6,63.77,2699864,2023-12-20 23:58:48 UTC,,,
0FFNGAVZMFKZNWNKSWJZQ39JQY,63.97,2699864,2023-12-20 23:58:54 UTC,,,
0FFNGAXX1DFTC5EBG3APEAKJMF,64.13,2699864,2023-12-20 23:59:00 UTC,,,
0FFNGAZTFHEKXTCCWKGQY1CYSK,64.46,2699864,2023-12-20 23:59:07 UTC,,,
0FFNGB1R0V0QHXNNJKXFEC22YQ,64.91,2699864,2023-12-20 23:59:13 UTC,,,
0FFNGB3N7WEMXBGVMPHJVDZ2SS,62.17,2699864,2023-12-20 23:59:19 UTC,,,
0FFNGB5JMYB6WMCHVPYBJK8JHT,62.04,2699864,2023-12-20 23:59:25 UTC,,,
0FFNGB7G0BYRRDJAM3MJKE09QA,61.96,2699864,2023-12-20 23:59:32 UTC,,,
0FFNGB9DCY9QYT62FF5KCJHZBV,61.18,2699864,2023-12-20 23:59:38 UTC,,,
0FFNGBBAR4MK14G6ZZ9XRX3MFK,61.55,2699864,2023-12-20 23:59:44 UTC,,,
0FFNGBD85JXEMXA3QGCXXX4XQE,63.35,2699864,2023-12-20 23:59:51 UTC,,,
0FFNGBF5GS5PGSW409J4D8EKAC,62.82,2699864,2023-12-20 23:59:57 UTC,,,
0FFNGBH33JWVYY8A1DA6B7QBFR,62.02,2699864,2023-12-21 00:00:03 UTC,,,
0FFNGBK0E7PRKB6CA9BWBQ9YCM,61.97,2699864,2023-12-21 00:00:09 UTC,,,
0FFNGBMXPY0HYC380C0GK91K98,61.59,2699864,2023-12-21 00:00:16 UTC,,,
0FFNGBPV3FNZ3VEVKCBJDYR6FV,60.03,2699864,2023-12-21 00:00:22 UTC,,,
0FFNGBRRKYDDGH98DTRYB4NWH0,58.64,2699864,2023-12-21 00:00:28 UTC,,,
0FFNGBTNWT1B8E22H64G3N6FJN,59.60,2699864,2023-12-21 00:00:35 UTC,,,
0FFNGBWK8HBA72VZ44KD7K4GFS,60.14,2699864,2023-12-21 00:00:41 UTC,,,
0FFNGBYGMEXZK9SZKW7XY4KAKS,60.75,2699864,2023-12-21 00:00:47 UTC,,,
0FFNGC0E1QT4SMS9FN1C5BVDG8,62.39,2699864,2023-12-21 00:00:53 UTC,,,
0FFNGC2BJE4G8NCV6ZMSDZMDWD,63.36,2699864,2023-12-21 00:01:00 UTC,,,
0FFNGC4DECWJFS3YNAY0W0P0BT,63.54,2699864,2023-12-21 00:01:06 UTC,,,
0FFNGC667ZZ3H0J0CKVSVCKY1M,63.67,2699864,2023-12-21 00:01:12 UTC,,,
0FFNGC83MG27YG41P99APA0R79,64.65,2699864,2023-12-21 00:01:19 UTC,,,
0FFNGCA107W6SRAP8X41KCCFT6,65.66,2699864,2023-12-21 00:01:25 UTC,,,
0FFNGCBYC3YYPEE82FMDNSXFW3,63.28,2699864,2023-12-21 00:01:31 UTC,,,
0FFNGCDVSNBA8RAQZY5ZKMSVA2,62.29,2699864,2023-12-21 00:01:37 UTC,,,
0FFNGCG2N1FDJHDFYK87EHJKQ9,62.24,2699864,2023-12-21 00:01:45 UTC,,,
0FFNGCHPJRQT2HWPFHHEZ30RFY,60.79,2699864,2023-12-21 00:01:50 UTC,,,
0FFNGCKM1B5X3Y2SW0YPXKAX3D,60.37,2699864,2023-12-21 00:01:56 UTC,,,
0FFNGCNHCZ7KMN8P7C8CK2Y8JJ,60.10,2699864,2023-12-21 00:02:03 UTC,,,
0FFNGCQESXV4AVRAEP03QQHXZR,60.07,2699864,2023-12-21 00:02:09 UTC,,,
0FFNGCSC6RS76WS8TERXZHCSYD,60.64,2699864,2023-12-21 00:02:15 UTC,,,
0FFNGCV9GJJMVWTXAHBRQDYWMZ,61.28,2699864,2023-12-21 00:02:21 UTC,,,
0FFNGCX7EFEA37G1YGKQHZP0QX,62.71,2699864,2023-12-21 00:02:28 UTC,,,
0FFNGCZ4CE6MJXVWDHZTTXMBPA,61.82,2699864,2023-12-21 00:02:34 UTC,,,
0FFNGD11NFCQ9BEXY6WY1JJG7V,60.13,2699864,2023-12-21 00:02:40 UTC,,,
0FFNGD2Z2WY47RT8DW02NRYVZX,58.79,2699864,2023-12-21 00:02:47 UTC,,,
0FFNGD4WFKAN7SXC0QRNDV0DYA,58.43,2699864,2023-12-21 00:02:53 UTC,,,
0FFNGD6SV4RGXJ0W5ZFHDV2871,59.52,2699864,2023-12-21 00:02:59 UTC,,,
0FFNGD8Q9MBR09YTTQ7ARX78ET,59.61,2699864,2023-12-21 00:03:05 UTC,,,
0FFNGDAMN4XH2X9MWC3TEET5C9,59.22,2699864,2023-12-21 00:03:12 UTC,,,
0FFNGDCJ0KFJ7ZQGV5F3SQFX1C,60.53,2699864,2023-12-21 00:03:18 UTC,,,
0FFNGDEFBW051JZPA7Y4FE2Y7S,61.93,2699864,2023-12-21 00:03:24 UTC,,,
0FFNGDGCVYZKHHGJ3SNPF0GAR2,62.33,2699864,2023-12-21 00:03:31 UTC,,,
0FFNGDJJ8K27S54HV5XM2Z7FER,62.31,2699864,2023-12-21 00:03:38 UTC,,,
0FFNGDM7J9VJASP62ZDNEHJ2T9,62.83,2699864,2023-12-21 00:03:43 UTC,,,
0FFNGDP51E31HW5VXEJ8APPAFC,62.45,2699864,2023-12-21 00:03:49 UTC,,,
0FFNGDR2B4HY0YRWTX7H1HM8F8,62.23,2699864,2023-12-21 00:03:56 UTC,,,
0FFNGDSZRYYHMX0A3H4TMJTSNX,62.18,2699864,2023-12-21 00:04:02 UTC,,,
0FFNGDVX4GAV4H01YWBSJZGWN1,61.15,2699864,2023-12-21 00:04:08 UTC,,,
0FFNGDXTJ7XJ8V41ZKY119XNEE,60.74,2699864,2023-12-21 00:04:15 UTC,,,
0FFNGDZQXXRY9CK6PDN6DMCH37,61.65,2699864,2023-12-21 00:04:21 UTC,,,
0FFNGE1NADNHEV6KSY7JF44V2B,62.35,2699864,2023-12-21 00:04:27 UTC,,,
0FFNGE3JPWDJ9GYAYAZ5KZMMJS,61.75,2699864,2023-12-21 00:04:33 UTC,,,
0FFNGE5G3G7FB2DJPD5WNECPJ4,61.67,2699864,2023-12-21 00:04:40 UTC,,,
0FFNGE7DG7WZY204E3343XSBD4,61.43,2699864,2023-12-21 00:04:46 UTC,,,
0FFNGE9AV3GZ3629RFDKNEGASP,61.07,2699864,2023-12-21 00:04:52 UTC,,,
0FFNGEB8A0W8QPCCGDC5T4Q2TQ,60.86,2699864,2023-12-21 00:04:59 UTC,,,
0FFNGED5NHWD7QNTWG3KXCV4Z7,60.14,2699864,2023-12-21 00:05:05 UTC,,,
0FFNGEF34CX4HRF5ZAEY3PFHN7,59.92,2699864,2023-12-21 00:05:11 UTC,,,
0FFNGEH0JGP0DQQE6XZ9Z74GHP,58.71,2699864,2023-12-21 00:05:17 UTC,,,
0FFNGEJXVGKQ032WEDMHZ8R9AX,56.10,2699864,2023-12-21 00:05:24 UTC,,,
0FFNGEMV6RNFJW0YQ1K51P67K2,52.80,2699864,2023-12-21 00:05:30 UTC,,,
0FFNGEPRPVFE3H9JRCNBNTSBW1,50.50,2699864,2023-12-21 00:05:36 UTC,,,
0FFNGERNYZJM8WJB96WB709X0M,47.77,2699864,2023-12-21 00:05:43 UTC,,,
0FFNGETKCAASHG0YQ8ADJ5DXR1,45.39,2699864,2023-12-21 00:05:49 UTC,,,
0FFNGEWGRNB56K20B9F7P6AX1R,44.13,2699864,2023-12-21 00:05:55 UTC,,,
0FFNGEYE591MC4ADXYZD34KSPK,43.35,2699864,2023-12-21 00:06:01 UTC,,,
0FFNGF0BHJE54Y56RTESYQMQ6C,41.28,2699864,2023-12-21 00:06:08 UTC,,,
0FFNGF2CPMW0JEHAMR08VZ4KWD,38.00,2699864,2023-12-21 00:06:14 UTC,,,
0FFNGF46DAXEV7H565CGNTW0QM,35.37,2699864,2023-12-21 00:06:20 UTC,,,
0FFNGF63SNS3B0JJXTEPJFM9W9,33.39,2699864,2023-12-21 00:06:27 UTC,,,
0FFNGF814XQZAJR2QXJ5Q6S7K9,31.69,2699864,2023-12-21 00:06:33 UTC,,,
0FFNGF9YFPJWNDZJA8NR9TKVBY,30.76,2699864,2023-12-21 00:06:39 UTC,,,
0FFNGFBVXZT12NY9G3C59NA7GV,29.86,2699864,2023-12-21 00:06:45 UTC,,,
0FFNGFDS8NWNP8ZS19XEQ2YPXW,29.23,2699864,2023-12-21 00:06:52 UTC,,,
0FFNGFFPNDC82E0D4Z7NGZYTJW,28.79,2699864,2023-12-21 00:06:58 UTC,,,
0FFNGFHMG951Y5YSVCF8FNYZZ4,27.46,2699864,2023-12-21 00:07:04 UTC,,,
0FFNGFKHEFQV6Q84X8VAA4FNN9,25.53,2699864,2023-12-21 00:07:11 UTC,,,
0FFNGFNETMH8MK5VVHPEKYPV4J,24.02,2699864,2023-12-21 00:07:17 UTC,,,
0FFNGFQCAMQKBJJTM88T17VE5W,22.81,2699864,2023-12-21 00:07:23 UTC,,,
0FFNGFS9NYB4V0TTRYWV85GQZ9,21.96,2699864,2023-12-21 00:07:29 UTC,,,
0FFNGFV72PEDFC9EEKWMZ1QN1X,21.77,2699864,2023-12-21 00:07:36 UTC,,,
0FFNGFX4CJTAG033RKZ4DYGWKM,21.37,2699864,2023-12-21 00:07:42 UTC,,,
0FFNGFZ1WD026W84HJ2P8HNC1J,20.49,2699864,2023-12-21 00:07:48 UTC,,,
0FFNGG0ZACDB69K3QTRCE9RGXJ,20.88,2699864,2023-12-21 00:07:55 UTC,,,
0FFNGG2WKGYK0339HN8HDM23G9,21.56,2699864,2023-12-21 00:08:01 UTC,,,
0FFNGG4TK5YKFEBCWBFFQYD07Z,22.19,2699864,2023-12-21 00:08:07 UTC,,,
0FFNGG6QAJ0YCC5QGBDY4FK04S,22.82,2699864,2023-12-21 00:08:13 UTC,,,
0FFNGG8MRXKPNCXRY963CTM56N,66.76,2699864,2023-12-21 00:08:20 UTC,,,
0FFNGGAJ6V2W7B82C3W8HXZRG2,73.37,2699864,2023-12-21 00:08:26 UTC,,,
0FFNGGCFGVTHBBS4V66W1FR3TP,84.43,2699864,2023-12-21 00:08:32 UTC,,,
0FFNGGED0ES0P4C767SEX8BCAP,84.49,2699864,2023-12-21 00:08:39 UTC,,,
0FFNGGGABJW14N0HPX93WBEVAM,78.87,2699864,2023-12-21 00:08:45 UTC,,,
0FFNGGJ7NNX25DCKF39PQTETPS,65.13,2699864,2023-12-21 00:08:51 UTC,,,
0FFNGGM54T5T8QJY3GHPEGHDQF,56.16,2699864,2023-12-21 00:08:57 UTC,,,
0FFNGGP2NFYWD2TCJ98NBGAQFR,48.84,2699864,2023-12-21 00:09:04 UTC,,,
0FFNGGQZVB21HV0AW31ETXWK8H,45.19,2699864,2023-12-21 00:09:10 UTC,,,
0FFNGGSX812RTATD2DAZ9SQWJ8,43.44,2699864,2023-12-21 00:09:16 UTC,,,
