0,0,20.00,-28.00,3.00,553804
0,0,6.00,26.00,27.00,553827
0,0,-8.00,-2.00,-1.00,553851
0,0,2.00,8.00,-1.00,553874
0,0,4.00,-10.00,19.00,553898
0,0,-2.00,-2.00,-7.00,553942
0,0,-8.00,2.00,7.00,553965
0,0,6.00,8.00,-9.00,553988
0,0,-2.00,20.00,-9.00,554012
0,0,4.00,-2.00,65.00,554035
0,0,24.00,24.00,73.00,554059
0,0,12.00,10.00,19.00,554082
0,0,8.00,8.00,-15.00,554106
0,0,2.00,-40.00,3.00,554129
0,0,-2.00,-28.00,-5.00,554152
0,0,6.00,4.00,-3.00,554175
0,0,-4.00,16.00,-3.00,554199
0,0,4.00,0.00,13.00,554222
0,0,-14.00,-4.00,9.00,554266
0,0,10.00,0.00,1.00,554289
0,0,2.00,0.00,-15.00,554312
0,0,8.00,8.00,3.00,554336
0,0,14.00,8.00,9.00,554359
0,0,2.00,2.00,-3.00,554382
0,0,-2.00,4.00,15.00,554405
0,0,6.00,6.00,1.00,554429
0,0,10.00,-28.00,3.00,554452
0,0,6.00,4.00,9.00,554476
0,0,2.00,2.00,-21.00,554499
0,0,6.00,-2.00,21.00,554522
0,0,0.00,-4.00,11.00,554545
0,0,-8.00,6.00,-19.00,554589
0,0,2.00,4.00,9.00,554612
0,0,8.00,4.00,5.00,554635
0,0,-2.00,-6.00,9.00,554658
0,0,20.00,12.00,-3.00,554681
0,0,14.00,4.00,-19.00,554705
0,0,12.00,4.00,17.00,554728
0,0,-2.00,0.00,1.00,554750
0,0,6.00,20.00,-19.00,554774
0,0,10.00,6.00,9.00,554797
0,0,-6.00,-14.00,-13.00,554820
0,0,-2.00,-6.00,13.00,554843
0,0,-10.00,6.00,9.00,554867
0,0,-10.00,14.00,-9.00,554890
0,0,10.00,8.00,11.00,554913
0,0,8.00,8.00,-3.00,554936
0,0,-2.00,-8.00,-5.00,554959
0,0,-4.00,-2.00,-7.00,554982
0,0,12.00,-4.00,1.00,555005
0,0,10.00,0.00,41.00,555028
0,0,-8.00,22.00,-21.00,555051
0,0,10.00,-12.00,-11.00,555074
0,0,6.00,-2.00,-3.00,555097
0,0,6.00,10.00,-7.00,555120
0,0,10.00,24.00,39.00,555143
0,0,-12.00,22.00,-13.00,555167
0,0,-2.00,12.00,29.00,555190
0,0,2.00,-10.00,13.00,555213
0,0,-16.00,-44.00,-11.00,555236
0,0,-8.00,16.00,-15.00,555259
0,0,-22.00,2.00,-17.00,555282
0,0,-8.00,-16.00,13.00,555305
0,0,0.00,-22.00,-31.00,555328
0,0,78.00,-62.00,7.00,555351
0,0,-34.00,-40.00,-57.00,555374
0,0,82.00,-26.00,-19.00,555397
0,0,-46.00,42.00,-19.00,555420
0,0,26.00,60.00,5.00,555443
0,0,0.00,0.00,1.00,555466
0,0,-14.00,18.00,-1.00,555489
0,0,-6.00,-54.00,37.00,555512
0,0,50.00,20.00,1.00,555535
0,0,2.00,24.00,3.00,555558
0,0,-4.00,32.00,-31.00,555581
0,0,-12.00,-6.00,53.00,555604
0,0,-28.00,4.00,-1.00,555627
0,0,50.00,-10.00,9.00,555650
0,0,-40.00,-18.00,-35.00,555673
0,0,-134.00,134.00,-71.00,555696
0,0,78.00,-10.00,107.00,555719
0,0,-56.00,-124.00,-61.00,555742
0,0,134.00,-196.00,-41.00,555765
0,0,44.00,2.00,55.00,555788
0,0,-78.00,128.00,-45.00,555811
0,0,48.00,-108.00,57.00,555834
0,0,6.00,-8.00,-21.00,555858
0,0,0.00,-44.00,7.00,555881
0.00,0.00,-10.00,18.00,-1.00,556188
0.00,0.00,14.00,-22.00,21.00,556253
0.00,0.00,-10.00,-4.00,5.00,556318
0.00,0.00,-4.00,-10.00,-17.00,556383
0.00,0.00,-6.00,36.00,-1.00,556448
0.00,0.00,6.00,70.00,-7.00,556514
0.00,0.00,-18.00,-8.00,-17.00,556579
0.00,0.00,2.00,8.00,11.00,556644
0.00,0.00,24.00,26.00,-15.00,556709
0.00,0.00,62.00,-30.00,5.00,556795
0,0,48.00,-26.00,5.00,556818
0,0,2.00,-26.00,-17.00,556841
0,0,34.00,-2.00,27.00,556864
0,0,6.00,-50.00,27.00,556888
0,0,24.00,-44.00,19.00,556911
0,0,40.00,-72.00,27.00,556934
0,0,-32.00,-32.00,1.00,556957
0,0,14.00,-68.00,23.00,556981
0,0,-44.00,-42.00,3.00,557004
0,0,-42.00,-76.00,-13.00,557027
0,0,0.00,-70.00,9.00,557051
0,0,-30.00,-42.00,-3.00,557074
0,0,-52.00,-36.00,-3.00,557097
0,0,-46.00,-70.00,1.00,557120
0,0,-62.00,-14.00,5.00,557143
0,0,-62.00,-14.00,7.00,557167
0,0,-46.00,-16.00,23.00,557190
0,0,-62.00,28.00,1.00,557213
0,0,-88.00,10.00,17.00,557236
0,0,-36.00,104.00,-9.00,557259
0,0,-90.00,-6.00,-115.00,557282
0,0,-42.00,134.00,-33.00,557305
0,0,-70.00,98.00,29.00,557328
0,0,-20.00,138.00,15.00,557352
0,0,-70.00,160.00,53.00,557375
0,0,32.00,106.00,11.00,557398
0,0,2.00,148.00,33.00,557421
0,0,50.00,116.00,-31.00,557445
0,0,80.00,106.00,-31.00,557468
0,0,112.00,148.00,-37.00,557491
0,0,108.00,34.00,-11.00,557514
0,0,144.00,-60.00,15.00,557537
0,0,128.00,-18.00,75.00,557561
0,0,174.00,-30.00,-15.00,557584
0,0,130.00,-36.00,35.00,557607
0,0,98.00,-22.00,67.00,557630
0,0,186.00,40.00,127.00,557653
0,0,142.00,-14.00,103.00,557676
0,0,72.00,-174.00,25.00,557699
0,0,-4.00,-330.00,51.00,557723
0,0,4.00,-34.00,-21.00,557746
0,0,-100.00,-136.00,-23.00,557769
0,0,-104.00,-224.00,35.00,557793
0,0,-168.00,-136.00,-19.00,557816
0,0,-182.00,-86.00,15.00,557839
0,0,-194.00,2.00,-11.00,557862
0,0,-168.00,32.00,11.00,557885
0,0,-174.00,172.00,-27.00,557908
0,0,-228.00,-10.00,-53.00,557931
0,0,-48.00,192.00,-21.00,557954
0,0,-102.00,358.00,41.00,557977
0,0,16.00,336.00,5.00,558000
0,0,32.00,280.00,25.00,558024
0,0,162.00,170.00,-13.00,558047
0,0,190.00,168.00,51.00,558070
0,0,216.00,176.00,7.00,558093
0,0,286.00,-26.00,19.00,558116
0,0,262.00,36.00,81.00,558139
0,0,84.00,-396.00,-125.00,558162
0,0,154.00,-588.00,-33.00,558185
0,0,88.00,-440.00,49.00,558208
0,0,-4.00,-452.00,-93.00,558231
0,0,-98.00,-230.00,37.00,558254
0,0,-106.00,-352.00,73.00,558277
0,0,-312.00,-220.00,-9.00,558300
0,0,-338.00,-100.00,5.00,558323
0,0,-314.00,42.00,-39.00,558346
0,0,-226.00,182.00,-15.00,558368
0,0,-214.00,454.00,13.00,558391
0,0,-214.00,488.00,27.00,558414
0,0,-22.00,460.00,55.00,558437
0,0,214.00,282.00,-57.00,558460
0,0,240.00,308.00,-11.00,558483
0,0,420.00,326.00,-1.00,558506
0,0,424.00,-114.00,65.00,558529
0,0,354.00,-116.00,-17.00,558552
0,0,386.00,-94.00,-7.00,558576
0,0,294.00,-296.00,65.00,558599
0,0,28.00,-446.00,-15.00,558622
0,0,-46.00,-488.00,61.00,558645
0,0,-196.00,-282.00,37.00,558668
0,0,-324.00,-360.00,27.00,558691
0,0,-474.00,48.00,143.00,558714
0,0,-432.00,62.00,-71.00,558737
0,0,-372.00,-152.00,-179.00,558760
0,0,-314.00,684.00,291.00,558783
0,0,-54.00,694.00,43.00,558805
0,0,144.00,598.00,-25.00,558829
0,0,326.00,420.00,-1.00,558852
0,0,446.00,148.00,-77.00,558875
0,0,528.00,178.00,75.00,558898
0,0,558.00,-434.00,-1.00,558921
0,0,484.00,-1026.00,-389.00,558944
0.00,0.00,-552.00,-314.00,-1.00,559050
0.00,0.00,-456.00,560.00,85.00,559115
0.00,0.00,504.00,500.00,-75.00,559180
0.00,0.00,674.00,-440.00,35.00,559245
0.00,0.00,-158.00,-624.00,15.00,559311
0.00,0.00,-752.00,174.00,59.00,559376
0.00,0.00,-54.00,626.00,-229.00,559441
0.00,0.00,778.00,208.00,-97.00,559506
0.00,0.00,174.00,-894.00,-17.00,559571
0.00,0.00,-818.00,42.00,25.00,559657
0,0,-634.00,1076.00,191.00,559680
0,0,-366.00,940.00,197.00,559703
0,0,108.00,842.00,-125.00,559727
0,0,454.00,748.00,21.00,559750
0,0,836.00,422.00,195.00,559773
0,0,880.00,-262.00,41.00,559796
0,0,580.00,-766.00,-79.00,559819
0,0,246.00,-1168.00,9.00,559842
0,0,-188.00,-1134.00,21.00,559865
0,0,-690.00,-582.00,205.00,559888
0,0,-868.00,-102.00,25.00,559911
0,0,-836.00,446.00,51.00,559934
0,0,-478.00,568.00,-173.00,559957
0,0,-148.00,1212.00,-83.00,559980
0,0,476.00,802.00,-103.00,560003
0,0,914.00,398.00,-69.00,560027
0,0,1044.00,62.00,65.00,560050
0,0,744.00,-694.00,185.00,560073
0,0,358.00,-1234.00,177.00,560097
0,0,-194.00,-1036.00,75.00,560120
0,0,-792.00,-642.00,77.00,560143
0,0,-1062.00,-128.00,-135.00,560167
0,0,-1030.00,486.00,-47.00,560190
0,0,78.00,1232.00,-13.00,560233
0,0,550.00,972.00,49.00,560256
0,0,1058.00,382.00,37.00,560280
0,0,1072.00,-300.00,155.00,560303
0,0,760.00,-1486.00,-25.00,560326
0,0,218.00,-1250.00,45.00,560349
0,0,-702.00,-1048.00,-37.00,560373
0,0,-1032.00,-406.00,59.00,560396
0,0,-1132.00,336.00,-105.00,560420
0,0,-760.00,884.00,-159.00,560443
0,0,50.00,1374.00,-71.00,560466
0,0,832.00,796.00,-241.00,560489
0,0,1288.00,98.00,145.00,560512
0,0,1284.00,-426.00,81.00,560535
0,0,434.00,-1016.00,-175.00,560559
0,0,-44.00,-1850.00,-61.00,560582
0,0,-870.00,-1158.00,-11.00,560605
0,0,-1244.00,30.00,65.00,560628
0,0,-1134.00,698.00,-49.00,560651
0,0,-416.00,784.00,-341.00,560674
0,0,144.00,1376.00,-153.00,560697
0,0,938.00,1144.00,-15.00,560720
0,0,1428.00,154.00,1.00,560744
0,0,1208.00,-812.00,65.00,560767
0,0,446.00,-1560.00,75.00,560790
0,0,-564.00,-1318.00,-69.00,560814
0,0,-1098.00,-790.00,159.00,560837
0,0,-1328.00,174.00,-75.00,560860
0,0,-1100.00,1466.00,139.00,560883
0,0,-12.00,1632.00,-65.00,560906
0,0,794.00,1326.00,-267.00,560929
0,0,1440.00,30.00,21.00,560952
0,0,1400.00,-672.00,103.00,560975
0,0,588.00,-1178.00,423.00,560999
0,0,-302.00,-2038.00,29.00,561022
0,0,-1274.00,-666.00,59.00,561045
0,0,-1450.00,-222.00,-67.00,561068
0,0,-1214.00,1202.00,-283.00,561091
0,0,-164.00,1554.00,-149.00,561114
0,0,916.00,1416.00,-47.00,561137
0,0,1462.00,432.00,-119.00,561160
0,0,1528.00,-700.00,113.00,561183
0,0,802.00,-1804.00,13.00,561206
0,0,-550.00,-1494.00,19.00,561229
0,0,-1326.00,-840.00,-35.00,561252
0,0,-1582.00,258.00,-85.00,561275
0,0,-1186.00,1440.00,-153.00,561298
0,0,58.00,1606.00,-159.00,561321
0,0,1250.00,1036.00,-399.00,561345
0,0,1644.00,-138.00,101.00,561368
0,0,1388.00,-1266.00,13.00,561391
0,0,144.00,-2168.00,-151.00,561414
0,0,-808.00,-1206.00,357.00,561437
0,0,-1616.00,-550.00,-45.00,561460
0,0,-1496.00,808.00,17.00,561484
0,0,-518.00,1846.00,-31.00,561507
0.00,0.00,1460.00,-1368.00,529.00,561592
0.00,0.00,-1830.00,-340.00,-43.00,561658
0.00,0.00,872.00,1824.00,107.00,561722
0.00,0.00,1088.00,-1860.00,-371.00,561788
0.00,0.00,-1758.00,-12.00,-195.00,561853
0.00,0.00,1226.00,1546.00,113.00,561918
0.00,0.00,168.00,-1518.00,261.00,561983
0.00,0.00,-1632.00,1366.00,-181.00,562048
0.00,0.00,1716.00,1036.00,153.00,562113
0.00,0.00,-1658.00,-1202.00,215.00,562198
0,0,-2000.00,554.00,-327.00,562222
0,0,-1054.00,1722.00,-71.00,562245
0,0,772.00,2000.00,-75.00,562268
0,0,1946.00,1412.00,449.00,562291
0,0,2200.00,-692.00,-9.00,562314
0,0,770.00,-1486.00,335.00,562337
0,0,-1126.00,-1732.00,197.00,562360
0,0,-1984.00,-434.00,251.00,562383
0,0,-1834.00,786.00,-809.00,562406
0,0,1164.00,1718.00,-89.00,562450
0,0,2294.00,388.00,-165.00,562473
0,0,1630.00,-1560.00,25.00,562496
0,0,286.00,-3162.00,779.00,562519
0,0,-1562.00,-1594.00,95.00,562542
0,0,-2202.00,306.00,23.00,562565
0,0,-1420.00,1984.00,-295.00,562589
0,0,382.00,2624.00,-407.00,562612
0,0,2072.00,1408.00,-827.00,562635
0,0,2198.00,-672.00,169.00,562659
0,0,874.00,-1708.00,201.00,562682
0,0,-1330.00,-1826.00,7.00,562705
0,0,-2332.00,-338.00,341.00,562728
0,0,-1968.00,1884.00,-345.00,562751
0,0,-88.00,1740.00,-159.00,562774
0,0,1856.00,1354.00,-135.00,562798
0,0,2568.00,-198.00,89.00,562821
0,0,1190.00,-2230.00,337.00,562844
0,0,-900.00,-2360.00,49.00,562867
0,0,-2380.00,-698.00,-141.00,562891
0,0,-2132.00,1702.00,-555.00,562914
0,0,-366.00,2256.00,-315.00,562937
0,0,1506.00,2006.00,-241.00,562961
0,0,2376.00,158.00,-619.00,562984
0,0,1366.00,-2286.00,389.00,563007
0,0,-474.00,-1750.00,-207.00,563031
0,0,-2244.00,-968.00,99.00,563054
0,0,-2224.00,1754.00,263.00,563076
0,0,-462.00,2386.00,-447.00,563100
0,0,1578.00,2050.00,-201.00,563123
0,0,2516.00,-296.00,279.00,563146
0,0,1524.00,-2858.00,-111.00,563169
0,0,-208.00,-2656.00,577.00,563192
0,0,-2280.00,-1168.00,-229.00,563216
0,0,-2386.00,1010.00,-405.00,563239
0,0,-362.00,2510.00,-535.00,563263
0,0,1868.00,1686.00,219.00,563286
0,0,2650.00,-1212.00,-451.00,563309
0,0,1204.00,-2682.00,69.00,563333
0,0,-754.00,-1988.00,-101.00,563356
0,0,-2612.00,-216.00,-167.00,563379
0,0,-2370.00,1954.00,-395.00,563402
0,0,82.00,2228.00,-631.00,563425
0,0,2250.00,1338.00,239.00,563448
0,0,2646.00,-1012.00,79.00,563471
0,0,954.00,-2744.00,609.00,563494
0,0,-1246.00,-2048.00,269.00,563518
0,0,-2690.00,-20.00,13.00,563541
0,0,-1866.00,2676.00,-145.00,563565
0,0,778.00,2420.00,-383.00,563588
0,0,2498.00,1210.00,-169.00,563611
0,0,2002.00,-1806.00,189.00,563634
0,0,156.00,-2918.00,-79.00,563657
0,0,-1928.00,-1462.00,177.00,563681
0,0,-2616.00,860.00,9.00,563704
0,0,-798.00,2828.00,-335.00,563727
0,0,1536.00,2084.00,-143.00,563750
0,0,2986.00,-420.00,281.00,563773
0,0,1494.00,-2892.00,81.00,563797
0,0,-1018.00,-2758.00,593.00,563820
0,0,-2556.00,-612.00,-185.00,563843
0,0,-2314.00,1840.00,-139.00,563866
0,0,172.00,2668.00,-205.00,563889
0,0,2470.00,1200.00,-11.00,563912
0,0,2800.00,-1618.00,-141.00,563935
0,0,342.00,-2636.00,901.00,563958
0,0,-1714.00,-1434.00,-145.00,563981
0,0,-2740.00,648.00,-225.00,564005
0,0,-1316.00,2756.00,-197.00,564028
0,0,1248.00,2334.00,-191.00,564051
0.00,0.00,-2934.00,866.00,-53.00,564156
0.00,0.00,3010.00,-4.00,-459.00,564221
0.00,0.00,-2084.00,-1258.00,-69.00,564286
0.00,0.00,1338.00,2182.00,-251.00,564351
0.00,0.00,-882.00,-2662.00,855.00,564416
0.00,0.00,-738.00,2988.00,-291.00,564481
0.00,0.00,1680.00,-1912.00,-73.00,564547
0.00,0.00,-2478.00,1676.00,25.00,564612
0.00,0.00,3216.00,-206.00,265.00,564677
0.00,0.00,-2394.00,1586.00,249.00,564762
0,0,-148.00,2726.00,-233.00,564786
0,0,2476.00,1144.00,67.00,564809
0,0,3030.00,-1108.00,591.00,564832
0,0,410.00,-3104.00,99.00,564855
0,0,-1826.00,-1412.00,245.00,564878
0,0,-2946.00,730.00,-243.00,564901
0,0,-1294.00,2910.00,-467.00,564924
0,0,1384.00,2182.00,-457.00,564948
0,0,3156.00,850.00,1013.00,564971
0,0,1522.00,-2928.00,-175.00,564994
0,0,-1072.00,-2404.00,557.00,565017
0,0,-2800.00,-414.00,-239.00,565041
0,0,-2190.00,2290.00,93.00,565064
0,0,500.00,2860.00,-327.00,565087
0,0,2640.00,996.00,329.00,565110
0,0,2844.00,-1888.00,385.00,565133
0,0,-464.00,-2988.00,273.00,565156
0,0,-2098.00,-1318.00,-141.00,565179
0,0,-2914.00,1456.00,-89.00,565202
0,0,-956.00,3278.00,-613.00,565225
0,0,1938.00,1938.00,-479.00,565248
0,0,3080.00,-1038.00,-423.00,565271
0,0,978.00,-3316.00,-119.00,565294
0,0,-1440.00,-2640.00,-185.00,565318
0,0,-2730.00,6.00,185.00,565341
0,0,-2056.00,2762.00,151.00,565364
0,0,888.00,2794.00,-521.00,565387
0,0,2492.00,1070.00,369.00,565410
0,0,2508.00,-2116.00,425.00,565433
0,0,-452.00,-3628.00,-403.00,565456
0,0,-2184.00,-1376.00,-171.00,565480
0,0,-2612.00,976.00,-469.00,565503
0,0,-634.00,2812.00,-429.00,565526
0,0,2250.00,1772.00,-177.00,565549
0,0,3172.00,-436.00,657.00,565572
0,0,762.00,-3362.00,235.00,565595
0,0,-1682.00,-1800.00,339.00,565618
0,0,-2876.00,538.00,91.00,565641
0,0,-1650.00,2702.00,-33.00,565664
0,0,1170.00,2766.00,-285.00,565688
0,0,2920.00,1380.00,1251.00,565711
0,0,2182.00,-2020.00,141.00,565734
0,0,-536.00,-2208.00,1479.00,565757
0,0,-2384.00,-864.00,-123.00,565780
0,0,-2484.00,1956.00,-305.00,565803
0,0,-136.00,2902.00,-509.00,565827
0,0,2554.00,1102.00,-59.00,565850
0,0,2974.00,-1370.00,237.00,565873
0,0,518.00,-3488.00,791.00,565897
0,0,-1688.00,-1734.00,-129.00,565920
0,0,-2968.00,976.00,127.00,565943
0,0,-1180.00,2574.00,75.00,565966
0,0,1366.00,2316.00,-161.00,565989
0,0,2982.00,494.00,1025.00,566012
0,0,1374.00,-2768.00,173.00,566036
0,0,-882.00,-2556.00,345.00,566059
0,0,-2698.00,-580.00,-139.00,566082
0,0,-2186.00,1948.00,77.00,566104
0,0,282.00,2818.00,-487.00,566128
0,0,2494.00,960.00,65.00,566151
0,0,2642.00,-1982.00,261.00,566174
0,0,-344.00,-3744.00,-301.00,566198
0,0,-2102.00,-1178.00,303.00,566221
0,0,-2572.00,1650.00,415.00,566244
0,0,-828.00,3296.00,77.00,566267
0,0,1882.00,1958.00,-257.00,566290
0,0,3100.00,16.00,525.00,566313
0,0,648.00,-3382.00,-223.00,566337
0,0,-1300.00,-1990.00,163.00,566360
0,0,-2850.00,190.00,-387.00,566383
0,0,-1824.00,2356.00,-539.00,566406
0,0,958.00,2834.00,-449.00,566429
0,0,2640.00,170.00,-507.00,566452
0,0,2428.00,-1704.00,141.00,566475
0,0,-800.00,-2376.00,587.00,566499
0,0,-2392.00,-1306.00,11.00,566522
0,0,-2576.00,1152.00,-17.00,566545
0,0,-254.00,2874.00,-89.00,566568
0,0,2448.00,1618.00,-43.00,566591
0,0,3122.00,-782.00,641.00,566615
0.00,0.00,-2176.00,1902.00,149.00,566700
0.00,0.00,3090.00,-1650.00,211.00,566765
0.00,0.00,-2856.00,282.00,-351.00,566830
0.00,0.00,2716.00,892.00,103.00,566895
0.00,0.00,-1710.00,-1402.00,143.00,566960
0.00,0.00,1052.00,2728.00,-509.00,567026
0.00,0.00,-338.00,-3654.00,1491.00,567091
0.00,0.00,-1220.00,2548.00,-807.00,567156
0.00,0.00,2162.00,-1900.00,279.00,567221
0.00,0.00,-1080.00,2840.00,-887.00,567306
0,0,1568.00,2054.00,-641.00,567329
0,0,3152.00,-1124.00,-689.00,567353
0,0,932.00,-3138.00,15.00,567376
0,0,-1518.00,-2222.00,219.00,567399
0,0,-2704.00,-104.00,-249.00,567422
0,0,-2184.00,2506.00,-307.00,567445
0,0,900.00,2844.00,-101.00,567469
0,0,3026.00,740.00,-51.00,567492
0,0,2326.00,-1562.00,797.00,567516
0,0,-2274.00,-1278.00,-33.00,567559
0,0,-2558.00,1512.00,25.00,567582
0,0,-710.00,3416.00,-517.00,567606
0,0,2092.00,2078.00,-433.00,567629
0,0,3126.00,-584.00,-9.00,567653
0,0,464.00,-2876.00,229.00,567676
0,0,-1538.00,-2282.00,-35.00,567699
0,0,-2864.00,84.00,-489.00,567722
0,0,-1796.00,2482.00,-627.00,567745
0,0,1106.00,2836.00,-525.00,567768
0,0,3196.00,186.00,183.00,567792
0,0,2196.00,-1882.00,-111.00,567815
0,0,-530.00,-2504.00,1493.00,567838
0,0,-2536.00,-796.00,69.00,567861
0,0,-2388.00,2220.00,325.00,567885
0,0,-12.00,3238.00,-57.00,567908
0,0,2446.00,1302.00,31.00,567931
0,0,2964.00,-1382.00,437.00,567954
0,0,288.00,-2632.00,239.00,567977
0,0,-1736.00,-1660.00,-357.00,568000
0,0,-2912.00,708.00,-377.00,568023
0,0,-1414.00,2974.00,-521.00,568046
0,0,1414.00,2398.00,-401.00,568069
0,0,3216.00,332.00,701.00,568092
0,0,1686.00,-3076.00,-529.00,568115
0,0,-1014.00,-2526.00,439.00,568138
0,0,-2658.00,-556.00,-103.00,568161
0,0,-2194.00,1862.00,393.00,568184
0,0,372.00,2890.00,51.00,568208
0,0,2684.00,998.00,273.00,568231
0,0,2864.00,-1582.00,647.00,568254
0,0,16.00,-3008.00,485.00,568277
0,0,-1926.00,-1212.00,27.00,568300
0,0,-2898.00,1002.00,93.00,568323
0,0,-850.00,2824.00,-493.00,568346
0,0,1442.00,2002.00,-629.00,568369
0,0,3190.00,-856.00,435.00,568392
0,0,1018.00,-3034.00,-493.00,568416
0,0,-1250.00,-1976.00,-307.00,568439
0,0,-2970.00,356.00,-125.00,568462
0,0,-1812.00,2594.00,-463.00,568486
0,0,864.00,2840.00,-365.00,568509
0,0,2898.00,814.00,223.00,568532
0,0,2450.00,-1644.00,643.00,568555
0,0,-590.00,-3000.00,-59.00,568578
0,0,-2530.00,-1186.00,-7.00,568601
0,0,-2754.00,1300.00,23.00,568625
0,0,-336.00,2998.00,91.00,568648
0,0,2162.00,1924.00,27.00,568671
0,0,3296.00,-1316.00,-267.00,568694
0,0,916.00,-2934.00,-91.00,568717
0,0,-1652.00,-1914.00,-91.00,568740
0,0,-3074.00,406.00,-379.00,568763
0,0,-1778.00,2758.00,-655.00,568786
0,0,1292.00,2350.00,-727.00,568809
0,0,3102.00,306.00,361.00,568832
0,0,1942.00,-3070.00,-83.00,568856
0,0,-1084.00,-2768.00,-239.00,568879
0,0,-2576.00,-680.00,-113.00,568902
0,0,-2424.00,1654.00,65.00,568925
0,0,402.00,3282.00,-55.00,568948
0,0,2464.00,1418.00,165.00,568971
0,0,2856.00,-1528.00,239.00,568994
0,0,308.00,-2944.00,819.00,569017
0,0,-1838.00,-1764.00,-251.00,569041
0,0,-2894.00,580.00,-283.00,569064
0,0,-1196.00,2630.00,-739.00,569087
0,0,1380.00,2388.00,-541.00,569110
0,0,3264.00,-392.00,-89.00,569134
0,0,1222.00,-3390.00,-393.00,569157
0.00,0.00,2048.00,2062.00,-331.00,569263
0.00,0.00,-976.00,-2572.00,149.00,569328
0.00,0.00,68.00,3240.00,11.00,569393
0.00,0.00,786.00,-3002.00,213.00,569458
0.00,0.00,-2218.00,2572.00,-371.00,569523
0.00,0.00,2948.00,-1530.00,299.00,569588
0.00,0.00,-2988.00,726.00,-329.00,569653
0.00,0.00,2704.00,814.00,381.00,569718
0.00,0.00,-2042.00,-1068.00,197.00,569783
0.00,0.00,2952.00,334.00,97.00,569868
0,0,2392.00,-2338.00,19.00,569892
0,0,-658.00,-2926.00,373.00,569916
0,0,-2538.00,-744.00,391.00,569939
0,0,-2424.00,1872.00,801.00,569962
0,0,200.00,3364.00,97.00,569986
0,0,2518.00,1190.00,-23.00,570009
0,0,2808.00,-1152.00,633.00,570032
0,0,310.00,-3006.00,577.00,570055
0,0,-1914.00,-1612.00,-63.00,570079
0,0,-1668.00,2694.00,-733.00,570122
0,0,1326.00,2290.00,-477.00,570145
0,0,3016.00,-580.00,-421.00,570169
0,0,1852.00,-2268.00,389.00,570192
0,0,-778.00,-2642.00,-87.00,570215
0,0,-2550.00,-518.00,-133.00,570238
0,0,-2318.00,1582.00,355.00,570261
0,0,296.00,3048.00,479.00,570284
0,0,2692.00,1018.00,205.00,570308
0,0,2786.00,-1484.00,481.00,570331
0,0,150.00,-3064.00,663.00,570354
0,0,-2088.00,-1428.00,-179.00,570377
0,0,-2868.00,1218.00,-219.00,570400
0,0,-1032.00,3178.00,-821.00,570423
0,0,1840.00,1710.00,-543.00,570446
0,0,3078.00,-412.00,283.00,570469
0,0,794.00,-3280.00,-513.00,570493
0,0,-1374.00,-2294.00,-193.00,570516
0,0,-2822.00,130.00,-379.00,570539
0,0,-1862.00,2794.00,-279.00,570562
0,0,992.00,2890.00,-231.00,570586
0,0,3156.00,598.00,-21.00,570609
0,0,2486.00,-1264.00,985.00,570632
0,0,-686.00,-2398.00,1079.00,570655
0,0,-2576.00,-1250.00,-281.00,570679
0,0,-2514.00,1768.00,609.00,570702
0,0,-368.00,2682.00,-233.00,570725
0,0,2448.00,1248.00,-89.00,570749
0,0,2986.00,-1536.00,489.00,570772
0,0,356.00,-3814.00,-333.00,570795
0,0,-1848.00,-1740.00,-5.00,570819
0,0,-2960.00,836.00,-375.00,570842
0,0,-1224.00,2668.00,-635.00,570865
0,0,1348.00,2400.00,-675.00,570889
0,0,3284.00,-196.00,59.00,570912
0,0,1354.00,-3632.00,-429.00,570935
0,0,-1254.00,-2724.00,33.00,570958
0,0,-3012.00,-234.00,-145.00,570981
0,0,-2202.00,2478.00,63.00,571004
0,0,524.00,2904.00,97.00,571027
0,0,2716.00,934.00,435.00,571050
0,0,2638.00,-2846.00,-131.00,571073
0,0,-346.00,-3606.00,1515.00,571096
0,0,-2214.00,-1190.00,27.00,571119
0,0,-2682.00,1620.00,-21.00,571142
0,0,-510.00,3238.00,-347.00,571166
0,0,2098.00,1948.00,-523.00,571189
0,0,3178.00,-594.00,591.00,571213
0,0,744.00,-3110.00,183.00,571236
0,0,-1626.00,-1874.00,-173.00,571259
0,0,-2928.00,384.00,-469.00,571282
0,0,-1706.00,2516.00,-743.00,571306
0,0,1126.00,2634.00,-543.00,571329
0,0,2772.00,714.00,659.00,571352
0,0,1934.00,-2908.00,103.00,571375
0,0,-512.00,-2928.00,-317.00,571398
0,0,-2512.00,-822.00,-43.00,571421
0,0,-2384.00,2360.00,571.00,571444
0,0,144.00,3398.00,125.00,571468
0,0,2510.00,1264.00,-39.00,571490
0,0,3116.00,-1662.00,-47.00,571513
0,0,270.00,-3032.00,615.00,571536
0,0,-1852.00,-1356.00,133.00,571559
0,0,-2958.00,880.00,-507.00,571583
0,0,-1406.00,2760.00,-713.00,571605
0,0,1316.00,2354.00,-369.00,571629
0,0,2964.00,-144.00,491.00,571652
0,0,1346.00,-3420.00,-103.00,571675
0,0,-960.00,-2564.00,407.00,571698
0,0,-2890.00,-276.00,-89.00,571722
0.00,0.00,3096.00,-1502.00,-157.00,571807
0.00,0.00,-2872.00,160.00,-233.00,571871
0.00,0.00,2468.00,1192.00,197.00,571937
0.00,0.00,-1652.00,-1466.00,-73.00,572001
0.00,0.00,1020.00,2924.00,67.00,572067
0.00,0.00,-32.00,-2852.00,747.00,572131
0.00,0.00,-1412.00,2840.00,-677.00,572197
0.00,0.00,2362.00,-2290.00,-29.00,572262
0.00,0.00,-2614.00,1388.00,-203.00,572327
0.00,0.00,1850.00,-2526.00,379.00,572413
0,0,-664.00,-1996.00,491.00,572436
0,0,-2702.00,-676.00,65.00,572459
0,0,-2360.00,1550.00,285.00,572482
0,0,192.00,2832.00,147.00,572505
0,0,2480.00,1196.00,93.00,572528
0,0,2894.00,-1848.00,289.00,572551
0,0,306.00,-2994.00,637.00,572574
0,0,-1948.00,-1224.00,3.00,572598
0,0,-2838.00,1048.00,-151.00,572621
0,0,1374.00,2224.00,-545.00,572664
0,0,3132.00,-246.00,-455.00,572688
0,0,1402.00,-3216.00,-725.00,572711
0,0,-1038.00,-2356.00,477.00,572734
0,0,-2692.00,-478.00,-223.00,572757
0,0,-2118.00,2282.00,435.00,572781
0,0,550.00,3314.00,149.00,572804
0,0,2714.00,946.00,309.00,572827
0,0,2656.00,-2374.00,541.00,572851
0,0,-404.00,-3086.00,1459.00,572874
0,0,-2286.00,-1350.00,-135.00,572897
0,0,-2652.00,1608.00,355.00,572920
0,0,-800.00,3334.00,-301.00,572943
0,0,2038.00,2032.00,-301.00,572966
0,0,3324.00,-1414.00,-257.00,572989
0,0,686.00,-3116.00,121.00,573012
0,0,-1474.00,-2204.00,-45.00,573036
0,0,-2950.00,350.00,-529.00,573059
0,0,-1666.00,2400.00,-585.00,573082
0,0,1006.00,2902.00,-357.00,573105
0,0,3094.00,-12.00,21.00,573128
0,0,2318.00,-1996.00,-229.00,573151
0,0,-584.00,-2242.00,1499.00,573174
0,0,-2656.00,-738.00,77.00,573198
0,0,-2372.00,1962.00,153.00,573220
0,0,130.00,3444.00,89.00,573244
0,0,2396.00,1274.00,-245.00,573267
0,0,3138.00,-2010.00,69.00,573290
0,0,174.00,-3322.00,97.00,573314
0,0,-1988.00,-1274.00,-255.00,573337
0,0,-3006.00,758.00,-443.00,573360
0,0,-1152.00,2594.00,-691.00,573383
0,0,1406.00,2080.00,-469.00,573406
0,0,3158.00,-888.00,-169.00,573430
0,0,1304.00,-3112.00,141.00,573453
0,0,-1150.00,-2044.00,95.00,573476
0,0,-2872.00,-20.00,-389.00,573500
0,0,-2068.00,2652.00,-103.00,573523
0,0,906.00,2908.00,-243.00,573546
0,0,2554.00,852.00,199.00,573569
0,0,2626.00,-2602.00,-229.00,573592
0,0,-266.00,-2894.00,1083.00,573615
0,0,-2240.00,-1068.00,173.00,573638
0,0,-2756.00,1214.00,-35.00,573661
0,0,-606.00,3364.00,-241.00,573685
0,0,2244.00,1660.00,-241.00,573708
0,0,3042.00,-1174.00,215.00,573732
0,0,538.00,-3040.00,243.00,573755
0,0,-1850.00,-1710.00,-287.00,573778
0,0,-2940.00,658.00,-497.00,573801
0,0,-1528.00,2738.00,-779.00,573825
0,0,1282.00,2348.00,-493.00,573848
0,0,3090.00,-506.00,-225.00,573872
0,0,1548.00,-2456.00,-95.00,573895
0,0,-1062.00,-2672.00,-137.00,573918
0,0,-2680.00,-558.00,-153.00,573941
0,0,-2134.00,2032.00,361.00,573964
0,0,572.00,3248.00,113.00,573988
0,0,2904.00,788.00,-65.00,574011
0,0,2622.00,-2462.00,327.00,574035
0,0,-328.00,-3658.00,249.00,574058
0,0,-2238.00,-1388.00,-33.00,574082
0,0,-2662.00,1578.00,95.00,574105
0,0,-444.00,3204.00,-63.00,574128
0,0,2166.00,2124.00,-195.00,574151
0,0,3154.00,-804.00,281.00,574174
0,0,716.00,-3018.00,577.00,574197
0,0,-1420.00,-2508.00,163.00,574221
0,0,-2982.00,236.00,-559.00,574244
0,0,-1814.00,2490.00,-599.00,574267
0.00,0.00,178.00,-3308.00,531.00,574352
0.00,0.00,-1542.00,2700.00,-475.00,574417
0.00,0.00,2530.00,-2448.00,-225.00,574482
0.00,0.00,-2844.00,1212.00,-139.00,574547
0.00,0.00,3108.00,140.00,385.00,574613
0.00,0.00,-2522.00,-826.00,105.00,574677
0.00,0.00,2022.00,1848.00,-781.00,574743
0.00,0.00,-1032.00,-2172.00,839.00,574808
0.00,0.00,-178.00,3338.00,57.00,574873
0.00,0.00,-1212.00,-2202.00,287.00,574958
0,0,-2816.00,4.00,-399.00,574981
0,0,-1932.00,2744.00,7.00,575004
0,0,916.00,2940.00,41.00,575027
0,0,2890.00,532.00,699.00,575050
0,0,2612.00,-2452.00,1087.00,575074
0,0,46.00,-3492.00,363.00,575097
0,0,-2362.00,-1168.00,-153.00,575120
0,0,-2688.00,1202.00,447.00,575144
0,0,-204.00,2964.00,141.00,575167
0,0,2264.00,1668.00,-181.00,575190
0,0,3152.00,-1266.00,77.00,575213
0,0,472.00,-2878.00,263.00,575236
0,0,-1670.00,-1804.00,29.00,575259
0,0,-2938.00,614.00,-593.00,575282
0,0,-1744.00,2740.00,-489.00,575305
0,0,1350.00,2336.00,-651.00,575328
0,0,3022.00,104.00,-45.00,575352
0,0,1710.00,-1732.00,553.00,575375
0,0,-688.00,-2268.00,459.00,575398
0,0,-2792.00,-556.00,111.00,575421
0,0,-2276.00,1966.00,349.00,575444
0,0,452.00,2946.00,147.00,575467
0,0,2588.00,1122.00,83.00,575490
0,0,2782.00,-1572.00,365.00,575514
0,0,-162.00,-3420.00,485.00,575537
0,0,-2064.00,-1634.00,-197.00,575560
0,0,-2860.00,1162.00,-95.00,575583
0,0,-1032.00,2936.00,-667.00,575606
0,0,1604.00,2020.00,-741.00,575629
0,0,3342.00,-850.00,-159.00,575652
0,0,852.00,-3464.00,29.00,575676
0,0,-1354.00,-2870.00,-413.00,575699
0,0,-3010.00,-28.00,-223.00,575722
0,0,-1974.00,2580.00,-329.00,575745
0,0,720.00,2674.00,-239.00,575768
0,0,2724.00,536.00,199.00,575791
0,0,2552.00,-1580.00,343.00,575814
0,0,2.00,-2434.00,759.00,575837
0,0,-2358.00,-1322.00,253.00,575860
0,0,-2722.00,1358.00,187.00,575883
0,0,-178.00,3250.00,-87.00,575907
0,0,2218.00,1784.00,-77.00,575930
0,0,3258.00,-1396.00,-169.00,575953
0,0,604.00,-2986.00,565.00,575976
0,0,-1562.00,-1982.00,53.00,575999
0,0,-3088.00,576.00,-493.00,576022
0,0,-1682.00,2724.00,-647.00,576045
0,0,1034.00,2328.00,-571.00,576068
0,0,3118.00,56.00,207.00,576092
0,0,1892.00,-2584.00,337.00,576115
0,0,-1008.00,-2158.00,573.00,576138
0,0,-2690.00,-844.00,-35.00,576162
0,0,-2260.00,1690.00,127.00,576185
0,0,460.00,3212.00,-29.00,576208
0,0,2516.00,1030.00,-81.00,576231
0,0,2790.00,-1706.00,43.00,576254
0,0,294.00,-2728.00,791.00,576277
0,0,-2064.00,-1476.00,205.00,576300
0,0,-2754.00,560.00,-197.00,576323
0,0,-1250.00,2872.00,-141.00,576346
0,0,1128.00,2222.00,-507.00,576370
0,0,3024.00,462.00,347.00,576393
0,0,1806.00,-2378.00,185.00,576416
0,0,-430.00,-2618.00,-363.00,576439
0,0,-2308.00,-1132.00,-399.00,576462
0,0,-2316.00,1276.00,-175.00,576485
0,0,-560.00,3080.00,5.00,576508
0,0,1800.00,1876.00,-21.00,576531
0,0,2760.00,-56.00,57.00,576555
0,0,1298.00,-1550.00,745.00,576578
0,0,-544.00,-1920.00,781.00,576601
0,0,-2212.00,-708.00,377.00,576624
0,0,-2140.00,1564.00,181.00,576647
0,0,-656.00,2238.00,-85.00,576670
0,0,1434.00,1778.00,-127.00,576693
0,0,2472.00,-124.00,1.00,576717
0,0,1668.00,-1064.00,179.00,576740
0,0,82.00,-1530.00,1063.00,576763
0,0,-1852.00,-1222.00,-201.00,576786
0,0,-2290.00,788.00,-243.00,576809
0.00,0.00,1300.00,-1614.00,301.00,576915
0.00,0.00,-2032.00,350.00,133.00,576980
0.00,0.00,1334.00,1266.00,3.00,577045
0.00,0.00,274.00,-1862.00,-83.00,577110
0.00,0.00,-1778.00,848.00,-261.00,577176
0.00,0.00,1504.00,1008.00,-245.00,577241
0.00,0.00,40.00,-1320.00,279.00,577306
0.00,0.00,-1410.00,592.00,-79.00,577371
0.00,0.00,1108.00,1340.00,95.00,577436
0.00,0.00,-358.00,-1438.00,99.00,577521
0,0,-874.00,-1216.00,-41.00,577545
0,0,-1370.00,-252.00,-123.00,577568
0,0,-1254.00,688.00,295.00,577591
0,0,-380.00,1722.00,-61.00,577614
0,0,496.00,970.00,-155.00,577637
0,0,1174.00,838.00,-165.00,577660
0,0,1284.00,206.00,195.00,577684
0,0,1080.00,-992.00,-161.00,577707
0,0,200.00,-1292.00,37.00,577730
0,0,-624.00,-1138.00,-45.00,577753
0,0,-992.00,-636.00,123.00,577776
0,0,-1182.00,330.00,81.00,577799
0,0,-778.00,712.00,-213.00,577822
0,0,-120.00,1138.00,-89.00,577845
0,0,466.00,1090.00,-191.00,577868
0,0,864.00,700.00,81.00,577891
0,0,1186.00,64.00,171.00,577914
0,0,908.00,-986.00,35.00,577937
0,0,464.00,-1064.00,265.00,577960
0,0,-252.00,-882.00,-29.00,577983
0,0,-680.00,-514.00,211.00,578007
0,0,-900.00,22.00,113.00,578030
0,0,-920.00,602.00,57.00,578053
0,0,-348.00,756.00,-125.00,578077
0,0,-6.00,1050.00,17.00,578100
0,0,404.00,790.00,-33.00,578123
0,0,844.00,632.00,245.00,578146
0,0,998.00,-64.00,193.00,578169
0,0,754.00,-676.00,93.00,578192
0,0,468.00,-632.00,89.00,578216
0,0,-40.00,-970.00,3.00,578239
0,0,-546.00,-494.00,93.00,578262
0,0,-752.00,-252.00,61.00,578285
0,0,-736.00,180.00,-7.00,578308
0,0,-688.00,488.00,257.00,578332
0,0,-310.00,734.00,-9.00,578355
0,0,64.00,812.00,-115.00,578378
0,0,436.00,636.00,9.00,578401
0,0,694.00,318.00,-61.00,578424
0,0,740.00,-40.00,35.00,578447
0,0,704.00,-486.00,21.00,578470
0,0,414.00,-634.00,121.00,578494
0,0,-50.00,-688.00,167.00,578517
0,0,-322.00,-464.00,-79.00,578540
0,0,-456.00,-572.00,95.00,578563
0,0,-626.00,-78.00,5.00,578586
0,0,-560.00,272.00,-21.00,578609
0,0,-428.00,746.00,-137.00,578632
0,0,-290.00,696.00,-113.00,578655
0,0,0.00,598.00,-125.00,578678
0,0,314.00,442.00,31.00,578701
0,0,474.00,364.00,25.00,578724
0,0,430.00,140.00,-145.00,578748
0,0,590.00,-210.00,-35.00,578771
0,0,556.00,-516.00,-41.00,578794
0,0,474.00,-292.00,257.00,578817
0,0,60.00,-330.00,181.00,578840
0,0,-164.00,-396.00,89.00,578863
0,0,-406.00,-382.00,13.00,578886
0,0,-408.00,-186.00,95.00,578909
0,0,-460.00,-16.00,-23.00,578932
0,0,-386.00,136.00,-39.00,578955
0,0,-270.00,524.00,93.00,578978
0,0,-180.00,346.00,-187.00,579001
0,0,-64.00,408.00,-47.00,579025
0,0,110.00,558.00,-41.00,579048
0,0,324.00,402.00,31.00,579071
0,0,332.00,284.00,3.00,579094
0,0,428.00,-28.00,-31.00,579117
0,0,410.00,-84.00,-71.00,579140
0,0,338.00,-126.00,67.00,579163
0,0,410.00,-140.00,79.00,579186
0,0,44.00,-148.00,125.00,579209
0,0,20.00,-296.00,55.00,579232
0,0,-126.00,-406.00,-19.00,579255
0,0,-200.00,-340.00,-129.00,579278
0,0,-294.00,-184.00,45.00,579301
0,0,-286.00,-160.00,-25.00,579324
0,0,-256.00,100.00,-61.00,579347
0,0,-134.00,306.00,-15.00,579370
0.00,0.00,20.00,284.00,-33.00,579455
0.00,0.00,260.00,58.00,-37.00,579520
0.00,0.00,270.00,-176.00,17.00,579585
0.00,0.00,108.00,-212.00,5.00,579650
0.00,0.00,-32.00,-284.00,49.00,579715
0.00,0.00,-152.00,-116.00,21.00,579780
0.00,0.00,-162.00,-60.00,11.00,579845
0.00,0.00,-78.00,110.00,35.00,579910
0.00,0.00,-26.00,162.00,-65.00,579976
0.00,0.00,76.00,88.00,-9.00,580061
0,0,112.00,82.00,-25.00,580084
0,0,112.00,48.00,-19.00,580107
0,0,126.00,78.00,11.00,580131
0,0,136.00,-6.00,9.00,580154
0,0,114.00,58.00,19.00,580177
0,0,134.00,28.00,21.00,580200
0,0,64.00,-22.00,71.00,580223
0,0,60.00,-72.00,17.00,580246
0,0,132.00,98.00,57.00,580269
0,0,98.00,76.00,23.00,580292
0,0,54.00,20.00,3.00,580316
0,0,0.00,-66.00,-19.00,580339
0,0,-24.00,-36.00,11.00,580362
0,0,-22.00,-50.00,27.00,580385
0,0,-56.00,-106.00,25.00,580408
0,0,-20.00,-82.00,1.00,580432
0,0,-52.00,-108.00,-13.00,580455
0,0,-46.00,-116.00,-89.00,580478
0,0,-56.00,-44.00,-5.00,580502
0,0,-68.00,-10.00,21.00,580525
0,0,-30.00,4.00,11.00,580548
0,0,-62.00,8.00,25.00,580571
0,0,-48.00,12.00,1.00,580595
0,0,-60.00,-4.00,47.00,580618
0,0,-58.00,66.00,-23.00,580641
0,0,-52.00,-18.00,35.00,580664
0,0,-2.00,34.00,-13.00,580687
0,0,-42.00,38.00,9.00,580710
0,0,-50.00,-8.00,-45.00,580734
0,0,-60.00,88.00,-11.00,580757
0,0,-2.00,28.00,27.00,580779
0,0,-12.00,62.00,23.00,580802
0,0,-14.00,40.00,5.00,580825
0,0,10.00,24.00,-7.00,580848
0,0,32.00,34.00,15.00,580871
0,0,-8.00,38.00,3.00,580894
0,0,-24.00,6.00,-19.00,580917
0,0,18.00,26.00,-5.00,580940
0,0,0.00,56.00,-1.00,580963
0,0,50.00,40.00,41.00,580987
0,0,6.00,24.00,1.00,581010
0,0,12.00,20.00,13.00,581034
0,0,-6.00,26.00,25.00,581057
0,0,52.00,52.00,1.00,581081
0,0,-12.00,0.00,-1.00,581104
0,0,18.00,18.00,-19.00,581127
0,0,-8.00,-2.00,33.00,581150
0,0,8.00,0.00,-9.00,581173
0,0,14.00,-6.00,49.00,581196
0,0,8.00,24.00,-21.00,581219
0,0,40.00,-14.00,-1.00,581242
0,0,-16.00,4.00,47.00,581266
0,0,-8.00,-12.00,3.00,581289
0,0,26.00,-4.00,-1.00,581312
0,0,12.00,20.00,-11.00,581335
0,0,10.00,-14.00,-3.00,581358
0,0,4.00,2.00,5.00,581381
0,0,6.00,-16.00,9.00,581404
0,0,20.00,18.00,5.00,581427
0,0,4.00,22.00,-1.00,581451
0,0,18.00,-18.00,-1.00,581474
0,0,6.00,2.00,-11.00,581497
0,0,-6.00,-36.00,5.00,581520
0,0,0.00,-6.00,29.00,581544
0,0,2.00,32.00,23.00,581567
0,0,14.00,10.00,33.00,581590
0,0,2.00,-10.00,-3.00,581613
0,0,0.00,-30.00,-3.00,581636
0,0,0.00,22.00,-15.00,581660
0,0,6.00,-16.00,15.00,581683
0,0,4.00,10.00,1.00,581706
0,0,-16.00,-22.00,33.00,581729
0,0,20.00,-2.00,-3.00,581753
0,0,-8.00,-12.00,-7.00,581776
0,0,12.00,30.00,-15.00,581800
0,0,-8.00,-18.00,23.00,581823
0,0,0.00,22.00,33.00,581846
0,0,-8.00,12.00,5.00,581869
0,0,0.00,40.00,5.00,581892
0,0,6.00,12.00,-21.00,581915
0,0,12.00,-12.00,-11.00,581959
0,0,26.00,-52.00,-3.00,581982
0,0,-6.00,20.00,5.00,582005
0,0,-14.00,34.00,-5.00,582029
0,0,4.00,30.00,-27.00,582052
0,0,-16.00,-54.00,-33.00,582075
0,0,-18.00,-4.00,11.00,582098
0,0,24.00,16.00,15.00,582121
0,0,12.00,28.00,7.00,582145
0,0,-6.00,12.00,-15.00,582168
0,0,-10.00,8.00,1.00,582191
0,0,6.00,8.00,-9.00,582214
0,0,6.00,14.00,-9.00,582237
0,0,-6.00,-2.00,1.00,582261
0.00,0.00,30.00,38.00,25.00,582567
0.00,0.00,-6.00,-2.00,-3.00,582632
0.00,0.00,30.00,-16.00,17.00,582697
0.00,0.00,20.00,42.00,9.00,582762
0.00,0.00,10.00,-24.00,3.00,582828
0.00,0.00,-40.00,14.00,5.00,582893
0.00,0.00,-26.00,-14.00,-7.00,582958
0.00,0.00,-18.00,20.00,25.00,583024
0.00,0.00,-20.00,24.00,-5.00,583089
0.00,0.00,4.00,-44.00,5.00,583154
0,0,-18.00,2.00,11.00,583178
0,0,38.00,40.00,3.00,583201
0,0,-4.00,24.00,-1.00,583224
0,0,-24.00,12.00,-11.00,583248
0,0,12.00,-30.00,5.00,583271
0,0,0.00,-6.00,9.00,583294
0,0,-14.00,-22.00,1.00,583317
0,0,10.00,4.00,7.00,583341
0,0,-2.00,34.00,-1.00,583364
0,0,-4.00,22.00,-11.00,583388
0,0,14.00,-14.00,-9.00,583411
0,0,-36.00,-38.00,5.00,583434
0,0,6.00,6.00,-7.00,583458
0,0,2.00,-34.00,21.00,583481
0,0,22.00,40.00,-27.00,583504
0,0,-28.00,-18.00,15.00,583527
0,0,8.00,28.00,-11.00,583550
0,0,20.00,0.00,13.00,583573
0,0,10.00,-16.00,19.00,583596
0,0,8.00,0.00,29.00,583620
0,0,8.00,-6.00,11.00,583643
0,0,-12.00,8.00,7.00,583666
0,0,10.00,0.00,15.00,583690
0,0,-6.00,-14.00,33.00,583713
0,0,8.00,2.00,-15.00,583736
0,0,24.00,-4.00,19.00,583759
0,0,-24.00,26.00,-9.00,583782
0,0,-8.00,12.00,1.00,583805
0,0,8.00,-6.00,1.00,583828
0,0,2.00,-6.00,13.00,583851
0,0,8.00,2.00,-7.00,583875
0,0,10.00,22.00,21.00,583898
0,0,12.00,38.00,-1.00,583921
0,0,-14.00,-6.00,-1.00,583944
0,0,0.00,-14.00,-5.00,583968
0,0,16.00,4.00,9.00,583991
0,0,-20.00,-26.00,-1.00,584014
0,0,2.00,-14.00,-1.00,584037
0,0,12.00,48.00,3.00,584060
0,0,-4.00,40.00,17.00,584083
0,0,-4.00,-4.00,21.00,584106
0,0,-12.00,-64.00,7.00,584130
0,0,20.00,2.00,9.00,584153
0,0,10.00,6.00,-3.00,584176
0,0,18.00,-2.00,-5.00,584199
0,0,-24.00,0.00,13.00,584222
0,0,-14.00,18.00,-3.00,584245
0,0,20.00,28.00,-11.00,584268
0,0,0.00,8.00,5.00,584291
0,0,10.00,10.00,-3.00,584314
0,0,-2.00,-2.00,5.00,584337
0,0,-8.00,4.00,11.00,584360
0,0,-8.00,-26.00,-7.00,584383
0,0,10.00,28.00,-25.00,584406
0,0,0.00,32.00,-7.00,584429
0,0,-16.00,6.00,1.00,584452
0,0,-24.00,-6.00,9.00,584476
0,0,2.00,-16.00,-7.00,584499
0,0,16.00,0.00,7.00,584522
0,0,-2.00,-18.00,3.00,584545
0,0,6.00,8.00,-1.00,584568
0,0,-8.00,-4.00,-21.00,584592
0,0,-18.00,4.00,-9.00,584615
0,0,24.00,-4.00,-5.00,584638
0,0,-10.00,-24.00,1.00,584661
0,0,0.00,14.00,5.00,584684
0,0,16.00,16.00,-7.00,584708
0,0,-14.00,0.00,5.00,584731
0,0,2.00,-6.00,1.00,584754
0,0,-6.00,-32.00,-7.00,584777
0,0,16.00,10.00,25.00,584800
0,0,20.00,16.00,7.00,584822
0,0,-20.00,-6.00,19.00,584845
0,0,-6.00,4.00,-9.00,584868
0,0,6.00,16.00,5.00,584892
0,0,0.00,-8.00,9.00,584915
0,0,10.00,-2.00,25.00,584938
0,0,-16.00,10.00,-9.00,584961
0,0,-2.00,24.00,-13.00,584984
0,0,2.00,0.00,-3.00,585007
0,0,-6.00,-16.00,7.00,585030
0,0,12.00,-24.00,11.00,585053
0,0,8.00,-10.00,21.00,585077
0,0,-12.00,20.00,-13.00,585099
0,0,14.00,10.00,-13.00,585122
0,0,-6.00,14.00,13.00,585145
0,0,0.00,0.00,-1.00,585168
0,0,12.00,-32.00,-3.00,585191
0,0,8.00,18.00,11.00,585214
0,0,6.00,20.00,7.00,585237
0,0,-22.00,-6.00,-1.00,585260
0,0,-2.00,-8.00,-15.00,585283
0,0,8.00,-6.00,-7.00,585306
0,0,10.00,-24.00,17.00,585330
0,0,-2.00,20.00,19.00,585373
0,0,6.00,-4.00,-1.00,585396
0,0,6.00,-2.00,-13.00,585420
0,0,4.00,-10.00,13.00,585444
0,0,-8.00,6.00,3.00,585467
0,0,0.00,2.00,-13.00,585491
0,0,2.00,6.00,15.00,585514
0,0,8.00,0.00,33.00,585537
0,0,-8.00,-2.00,-17.00,585560
0,0,0.00,18.00,-7.00,585583
0,0,4.00,-6.00,11.00,585607
0,0,-14.00,8.00,7.00,585630
0,0,12.00,-20.00,3.00,585653
0,0,8.00,12.00,-1.00,585676
0.00,0.00,12.00,18.00,-21.00,585984
0.00,0.00,16.00,8.00,-5.00,586049
0.00,0.00,10.00,10.00,1.00,586115
0.00,0.00,6.00,10.00,-9.00,586180
0.00,0.00,16.00,20.00,15.00,586246
0.00,0.00,12.00,-2.00,15.00,586311
0.00,0.00,-2.00,-8.00,7.00,586376
0.00,0.00,-4.00,-14.00,9.00,586447
0.00,0.00,0.00,4.00,7.00,586512
0.00,0.00,12.00,20.00,-25.00,586598
0,0,-4.00,4.00,-7.00,586623
0,0,8.00,-30.00,11.00,586647
0,0,20.00,-6.00,17.00,586671
0,0,8.00,0.00,17.00,586694
0,0,-6.00,-12.00,7.00,586718
0,0,2.00,14.00,-3.00,586742
0,0,8.00,14.00,-9.00,586766
0,0,0.00,-22.00,5.00,586789
0,0,0.00,-6.00,11.00,586813
0,0,6.00,2.00,3.00,586836
0,0,-12.00,4.00,3.00,586860
0,0,-2.00,10.00,13.00,586883
0,0,0.00,14.00,-7.00,586906
0,0,-6.00,-8.00,7.00,586930
0,0,0.00,4.00,15.00,586953
0,0,2.00,10.00,17.00,586976
0,0,-6.00,10.00,23.00,586999
0,0,2.00,2.00,-3.00,587023
0,0,4.00,12.00,5.00,587046
0,0,2.00,-6.00,11.00,587070
0,0,2.00,-2.00,-5.00,587093
0,0,-2.00,-4.00,1.00,587117
0,0,2.00,14.00,11.00,587141
0,0,8.00,8.00,1.00,587165
0,0,-2.00,-16.00,-1.00,587189
0,0,-8.00,-4.00,-29.00,587212
0,0,12.00,-8.00,23.00,587236
0,0,-2.00,6.00,-1.00,587260
0,0,2.00,0.00,1.00,587283
0,0,-6.00,-14.00,13.00,587307
0,0,-6.00,2.00,-3.00,587331
0,0,6.00,10.00,-5.00,587354
0,0,6.00,8.00,5.00,587377
0,0,2.00,6.00,3.00,587401
0,0,-30.00,4.00,-3.00,587424
0,0,2.00,2.00,3.00,587447
0,0,-12.00,-2.00,17.00,587491
0,0,0.00,-4.00,3.00,587515
0,0,0.00,4.00,25.00,587538
0,0,-16.00,6.00,-1.00,587562
0,0,14.00,6.00,-1.00,587585
0,0,4.00,4.00,-3.00,587609
0,0,24.00,8.00,7.00,587633
0,0,-18.00,-14.00,-1.00,587657
0,0,16.00,-4.00,21.00,587680
0,0,8.00,6.00,-1.00,587704
0,0,10.00,8.00,27.00,587728
0,0,-2.00,8.00,-33.00,587751
0,0,-8.00,-2.00,1.00,587775
0,0,-2.00,8.00,11.00,587799
0,0,0.00,2.00,13.00,587823
0,0,8.00,10.00,-7.00,587847
0,0,0.00,16.00,7.00,587870
0,0,20.00,-8.00,3.00,587894
0,0,2.00,26.00,-5.00,587917
0,0,6.00,4.00,-3.00,587941
0,0,6.00,2.00,7.00,587964
0,0,6.00,2.00,17.00,587988
0,0,-12.00,2.00,3.00,588011
0,0,0.00,24.00,1.00,588034
0,0,-4.00,-2.00,-3.00,588058
0,0,-2.00,-2.00,11.00,588082
0,0,-2.00,-2.00,1.00,588105
0,0,0.00,8.00,3.00,588129
0,0,8.00,-4.00,13.00,588153
0,0,14.00,12.00,17.00,588176
0,0,0.00,14.00,25.00,588200
0,0,-10.00,2.00,-9.00,588224
0,0,10.00,-2.00,-5.00,588247
0,0,18.00,-16.00,-3.00,588271
0,0,0.00,-18.00,-15.00,588295
0,0,-10.00,12.00,3.00,588318
0,0,12.00,18.00,5.00,588342
0,0,-8.00,14.00,21.00,588366
0,0,-4.00,6.00,-21.00,588389
0,0,10.00,-4.00,11.00,588413
0,0,-10.00,6.00,5.00,588436
0,0,-2.00,4.00,-9.00,588459
0,0,8.00,14.00,-1.00,588482
0,0,-6.00,-10.00,-1.00,588506
0,0,6.00,-12.00,-9.00,588529
0,0,2.00,8.00,29.00,588552
0,0,8.00,2.00,9.00,588576
0,0,-4.00,4.00,47.00,588599
0,0,-8.00,8.00,9.00,588623
0,0,6.00,-2.00,-13.00,588646
0,0,-2.00,-14.00,-1.00,588670
0,0,-6.00,-16.00,9.00,588694
0,0,-8.00,12.00,-15.00,588718
0,0,0.00,20.00,13.00,588742
0,0,4.00,12.00,-9.00,588785
0,0,16.00,-6.00,9.00,588809
0,0,6.00,-2.00,1.00,588832
0,0,10.00,10.00,-1.00,588856
0,0,0.00,6.00,25.00,588880
0,0,14.00,4.00,9.00,588904
0,0,24.00,-6.00,-5.00,588928
0,0,10.00,-10.00,-5.00,588951
0,0,0.00,2.00,17.00,588975
0,0,0.00,-6.00,-5.00,588998
0,0,-14.00,-24.00,-3.00,589021
0,0,8.00,-6.00,-7.00,589045
0,0,8.00,0.00,13.00,589068
0,0,0.00,10.00,23.00,589091
0.00,0.00,14.00,16.00,17.00,589398
0.00,0.00,2.00,18.00,-11.00,589463
0.00,0.00,-18.00,18.00,31.00,589529
0.00,0.00,0.00,-6.00,23.00,589594
0.00,0.00,-16.00,2.00,21.00,589659
0.00,0.00,-8.00,-6.00,-5.00,589725
0.00,0.00,2.00,-22.00,5.00,589790
0.00,0.00,16.00,6.00,11.00,589856
0.00,0.00,-2.00,10.00,-13.00,589922
0.00,0.00,4.00,-2.00,-5.00,590007
0,0,2.00,-24.00,-3.00,590031
0,0,-14.00,-10.00,1.00,590055
0,0,10.00,12.00,-15.00,590079
0,0,4.00,10.00,19.00,590102
0,0,-12.00,-16.00,-7.00,590126
0,0,-14.00,-20.00,-1.00,590150
0,0,28.00,18.00,11.00,590173
0,0,4.00,-6.00,37.00,590196
0,0,-4.00,8.00,19.00,590219
0,0,18.00,8.00,1.00,590243
0,0,2.00,-16.00,11.00,590266
0,0,6.00,-6.00,-3.00,590290
0,0,-8.00,0.00,-29.00,590313
0,0,-20.00,10.00,-29.00,590337
0,0,32.00,36.00,-3.00,590360
0,0,6.00,-18.00,29.00,590383
0,0,-28.00,-28.00,49.00,590406
0,0,14.00,4.00,9.00,590430
0,0,18.00,42.00,-35.00,590453
0,0,-12.00,36.00,-25.00,590477
0,0,22.00,10.00,-25.00,590500
0,0,-16.00,-28.00,-39.00,590523
0,0,14.00,0.00,-37.00,590546
0,0,-30.00,-10.00,-1.00,590570
0,0,0.00,32.00,37.00,590593
0,0,2.00,32.00,11.00,590617
0,0,-12.00,12.00,-13.00,590641
0,0,-2.00,-34.00,-15.00,590664
0,0,12.00,-16.00,9.00,590688
0,0,-12.00,6.00,7.00,590711
0,0,12.00,40.00,-7.00,590734
0,0,-18.00,-26.00,13.00,590757
0,0,4.00,18.00,-1.00,590781
0,0,10.00,-10.00,-19.00,590805
0,0,-2.00,14.00,13.00,590828
0,0,12.00,0.00,3.00,590852
0,0,-30.00,-44.00,13.00,590875
0,0,18.00,8.00,21.00,590899
0,0,34.00,-12.00,13.00,590923
0,0,-42.00,20.00,-1.00,590947
0,0,10.00,-8.00,9.00,590970
0,0,-26.00,-14.00,11.00,590994
0,0,-4.00,2.00,-1.00,591017
0,0,12.00,6.00,-3.00,591041
0,0,10.00,22.00,-29.00,591065
0,0,-2.00,4.00,-95.00,591088
0,0,-4.00,-4.00,-51.00,591111
0,0,10.00,6.00,29.00,591134
0,0,-4.00,-22.00,35.00,591158
0,0,-10.00,26.00,-27.00,591181
0,0,24.00,12.00,11.00,591205
0,0,-10.00,12.00,29.00,591229
0,0,0.00,-2.00,95.00,591252
0,0,12.00,-12.00,35.00,591275
0,0,-8.00,-4.00,1.00,591298
0,0,26.00,0.00,-15.00,591322
0,0,-26.00,-30.00,45.00,591345
0,0,-16.00,8.00,15.00,591369
0,0,8.00,14.00,-35.00,591393
0,0,10.00,16.00,-19.00,591417
0,0,20.00,-12.00,15.00,591440
0,0,-28.00,-32.00,7.00,591464
0,0,8.00,10.00,97.00,591487
0,0,8.00,-12.00,79.00,591510
0,0,0.00,6.00,-19.00,591554
0,0,2.00,12.00,37.00,591577
0,0,-12.00,-20.00,15.00,591600
0,0,2.00,2.00,15.00,591624
0,0,2.00,-8.00,-33.00,591648
0,0,4.00,2.00,-13.00,591671
0,0,0.00,-8.00,51.00,591695
0,0,-24.00,-28.00,-23.00,591719
0,0,22.00,8.00,-9.00,591743
0,0,-10.00,34.00,-13.00,591766
0,0,-8.00,-2.00,3.00,591790
0,0,10.00,2.00,9.00,591813
0,0,-14.00,8.00,1.00,591837
0,0,-16.00,-18.00,5.00,591881
0,0,-22.00,12.00,-13.00,591905
0,0,4.00,6.00,-5.00,591928
0,0,-8.00,16.00,15.00,591952
0,0,18.00,-6.00,-1.00,591976
0,0,2.00,8.00,-11.00,591999
0,0,-4.00,0.00,3.00,592023
0,0,12.00,6.00,-5.00,592046
0,0,-24.00,-12.00,11.00,592069
0,0,30.00,38.00,19.00,592093
0,0,4.00,18.00,-1.00,592116
0,0,-20.00,-2.00,1.00,592139
0,0,10.00,-14.00,17.00,592163
0,0,34.00,0.00,-9.00,592207
0,0,14.00,4.00,-33.00,592230
0,0,-6.00,-2.00,1.00,592254
0,0,0.00,14.00,-3.00,592277
0,0,0.00,2.00,-5.00,592301
0,0,2.00,-10.00,59.00,592324
0,0,-4.00,-10.00,49.00,592348
0,0,16.00,2.00,21.00,592371
0,0,6.00,6.00,-37.00,592394
0,0,20.00,-38.00,-55.00,592417
0,0,-38.00,-38.00,65.00,592441
0,0,-2.00,38.00,143.00,592464
0,0,48.00,10.00,23.00,592487
0,0,8.00,-6.00,-43.00,592511
0.00,0.00,16.00,-18.00,-7.00,592818
0.00,0.00,10.00,-14.00,-7.00,592884
0.00,0.00,4.00,12.00,-21.00,592949
0.00,0.00,2.00,10.00,25.00,593014
0.00,0.00,-2.00,20.00,21.00,593080
0.00,0.00,12.00,18.00,-7.00,593145
0.00,0.00,-4.00,20.00,23.00,593211
0.00,0.00,12.00,6.00,-1.00,593276
0.00,0.00,20.00,12.00,-7.00,593342
0.00,0.00,-6.00,30.00,5.00,593428
0,0,-2.00,6.00,-19.00,593451
0,0,18.00,2.00,1.00,593475
0,0,-12.00,8.00,-5.00,593498
0,0,0.00,0.00,27.00,593522
0,0,18.00,4.00,1.00,593545
0,0,-4.00,8.00,-13.00,593568
0,0,12.00,-18.00,5.00,593591
0,0,-4.00,14.00,31.00,593615
0,0,4.00,18.00,-25.00,593639
0,0,-8.00,-4.00,17.00,593662
0,0,2.00,12.00,23.00,593686
0,0,-6.00,6.00,-7.00,593710
0,0,-2.00,8.00,-7.00,593734
0,0,-4.00,10.00,-5.00,593757
0,0,0.00,10.00,-1.00,593781
0,0,26.00,-6.00,11.00,593804
0,0,-22.00,-34.00,-1.00,593828
0,0,4.00,0.00,9.00,593852
0,0,6.00,48.00,11.00,593876
0,0,-28.00,0.00,11.00,593899
0,0,6.00,-16.00,-15.00,593923
0,0,10.00,2.00,-3.00,593947
0,0,-14.00,-32.00,7.00,593970
0,0,18.00,-22.00,-3.00,593994
0,0,2.00,28.00,-7.00,594018
0,0,-28.00,16.00,9.00,594041
0,0,14.00,20.00,1.00,594065
0,0,-4.00,-16.00,1.00,594088
0,0,-8.00,-38.00,1.00,594111
0,0,14.00,-10.00,-3.00,594134
0,0,18.00,24.00,-1.00,594158
0,0,0.00,28.00,5.00,594181
0,0,-8.00,-2.00,9.00,594204
0,0,4.00,-8.00,-1.00,594227
0,0,-8.00,-12.00,-5.00,594250
0,0,10.00,4.00,-1.00,594273
0,0,-8.00,8.00,13.00,594296
0,0,-2.00,16.00,1.00,594319
0,0,-16.00,20.00,13.00,594342
0,0,-4.00,4.00,43.00,594365
0,0,4.00,-10.00,-3.00,594388
0,0,6.00,-2.00,17.00,594412
0,0,6.00,-12.00,9.00,594435
0,0,-10.00,10.00,11.00,594459
0,0,12.00,8.00,-7.00,594483
0,0,10.00,-2.00,15.00,594506
0,0,10.00,-14.00,19.00,594530
0,0,2.00,-8.00,-1.00,594554
0,0,8.00,-2.00,11.00,594577
0,0,-8.00,6.00,-13.00,594600
0,0,-6.00,10.00,11.00,594644
0,0,-8.00,-22.00,23.00,594667
0,0,2.00,-4.00,-27.00,594690
0,0,-4.00,20.00,-25.00,594714
0,0,8.00,18.00,19.00,594737
0,0,-6.00,-2.00,27.00,594760
0,0,-10.00,-22.00,17.00,594784
0,0,-8.00,22.00,-7.00,594812
0,0,12.00,2.00,13.00,594836
0,0,8.00,18.00,-9.00,594859
0,0,2.00,-14.00,19.00,594883
0,0,10.00,0.00,-7.00,594907
0,0,6.00,-6.00,-7.00,594930
0,0,12.00,0.00,7.00,594974
0,0,-4.00,2.00,13.00,594998
0,0,-6.00,22.00,11.00,595022
0,0,16.00,28.00,-19.00,595046
0,0,6.00,-4.00,1.00,595070
0,0,-10.00,-34.00,3.00,595094
0,0,-8.00,16.00,7.00,595117
0,0,-2.00,12.00,19.00,595140
0,0,-2.00,8.00,-3.00,595163
0,0,-12.00,-8.00,9.00,595186
0,0,-24.00,-18.00,23.00,595209
0,0,14.00,8.00,17.00,595232
0,0,6.00,2.00,3.00,595256
0,0,-14.00,10.00,-21.00,595279
0,0,6.00,16.00,9.00,595302
0,0,-4.00,10.00,-7.00,595326
0,0,-10.00,6.00,-33.00,595349
0,0,10.00,-22.00,21.00,595373
0,0,-28.00,6.00,13.00,595397
0,0,10.00,-6.00,-11.00,595420
0,0,4.00,20.00,-11.00,595444
0,0,-18.00,4.00,-7.00,595467
0,0,2.00,-2.00,7.00,595491
0,0,18.00,6.00,5.00,595515
0,0,4.00,4.00,21.00,595539
0,0,-6.00,6.00,9.00,595562
0,0,2.00,0.00,1.00,595586
0,0,-4.00,6.00,5.00,595630
0,0,10.00,-16.00,23.00,595653
0,0,20.00,2.00,-11.00,595676
0,0,-4.00,0.00,5.00,595699
0,0,-12.00,6.00,-3.00,595722
0,0,18.00,16.00,7.00,595746
0,0,10.00,0.00,3.00,595769
0,0,4.00,-18.00,-11.00,595794
0,0,-2.00,-8.00,-3.00,595817
0,0,4.00,8.00,11.00,595841
0,0,12.00,6.00,11.00,595864
0,0,-4.00,10.00,7.00,595888
0,0,-2.00,-4.00,-3.00,595912
0,0,8.00,-10.00,15.00,595936
0.00,0.00,-4.00,-4.00,1.00,596242
0.00,0.00,-2.00,14.00,9.00,596308
0.00,0.00,-8.00,-16.00,17.00,596374
0.00,0.00,-6.00,-16.00,3.00,596439
0.00,0.00,-6.00,-2.00,15.00,596505
0.00,0.00,6.00,4.00,-11.00,596571
0.00,0.00,8.00,2.00,-9.00,596636
0.00,0.00,-4.00,6.00,-49.00,596701
0.00,0.00,42.00,-16.00,43.00,596766
0.00,0.00,20.00,20.00,1.00,596852
0,0,30.00,28.00,49.00,596876
0,0,42.00,-50.00,-7.00,596900
0,0,-8.00,48.00,-23.00,596923
0,0,6.00,18.00,57.00,596947
0,0,-30.00,-4.00,7.00,596970
0,0,-2.00,-6.00,-39.00,596994
0,0,60.00,4.00,-39.00,597018
0,0,6.00,26.00,-19.00,597042
0,0,-18.00,-40.00,21.00,597066
0,0,-2.00,18.00,1.00,597089
0,0,12.00,14.00,-11.00,597113
0,0,-4.00,10.00,-13.00,597136
0,0,10.00,-40.00,49.00,597160
0,0,16.00,-18.00,15.00,597184
0,0,-12.00,22.00,-19.00,597208
0,0,6.00,24.00,-7.00,597232
0,0,0.00,-2.00,9.00,597255
0,0,4.00,-24.00,13.00,597278
0,0,14.00,16.00,23.00,597301
0,0,0.00,18.00,13.00,597325
0,0,8.00,24.00,-1.00,597348
0,0,6.00,8.00,-7.00,597372
0,0,14.00,0.00,1.00,597396
0,0,8.00,-28.00,5.00,597419
0,0,-16.00,-12.00,-9.00,597442
0,0,10.00,12.00,25.00,597465
0,0,-4.00,22.00,1.00,597488
0,0,0.00,16.00,1.00,597511
0,0,6.00,-16.00,9.00,597534
0,0,-12.00,0.00,-11.00,597557
0,0,0.00,-8.00,35.00,597580
0,0,2.00,-6.00,-25.00,597604
0,0,-6.00,26.00,1.00,597627
0,0,18.00,4.00,3.00,597650
0,0,-6.00,-6.00,13.00,597673
0,0,0.00,-32.00,11.00,597696
0,0,-2.00,8.00,-3.00,597739
0,0,0.00,12.00,-1.00,597762
0,0,-8.00,16.00,-21.00,597785
0,0,4.00,0.00,15.00,597809
0,0,6.00,-40.00,-11.00,597832
0,0,0.00,-18.00,7.00,597855
0,0,-4.00,26.00,19.00,597878
0,0,-4.00,12.00,-11.00,597901
0,0,0.00,2.00,-1.00,597925
0,0,22.00,14.00,-3.00,597948
0,0,6.00,-14.00,3.00,597971
0,0,8.00,-4.00,11.00,597994
0,0,0.00,-4.00,-3.00,598017
0,0,10.00,-4.00,13.00,598040
0,0,-2.00,36.00,5.00,598063
0,0,-10.00,12.00,1.00,598086
0,0,4.00,-22.00,-11.00,598109
0,0,18.00,-30.00,17.00,598132
0,0,2.00,28.00,43.00,598155
0,0,-12.00,24.00,21.00,598178
0,0,2.00,20.00,57.00,598201
0,0,-2.00,-12.00,-11.00,598224
0,0,16.00,6.00,9.00,598247
0,0,-18.00,-18.00,7.00,598270
0,0,10.00,6.00,19.00,598293
0,0,8.00,-8.00,-5.00,598316
0,0,8.00,-18.00,17.00,598339
0,0,-24.00,-10.00,3.00,598362
0,0,10.00,-16.00,-7.00,598385
0,0,-2.00,12.00,15.00,598408
0,0,-2.00,14.00,3.00,598432
0,0,6.00,-6.00,-11.00,598455
0,0,4.00,8.00,9.00,598478
0,0,8.00,0.00,-13.00,598501
0,0,-6.00,-2.00,-11.00,598524
0,0,-8.00,-34.00,-15.00,598547
0,0,-6.00,0.00,-11.00,598571
0,0,6.00,-10.00,11.00,598594
0,0,2.00,-10.00,29.00,598617
0,0,6.00,0.00,9.00,598640
0,0,-4.00,6.00,15.00,598664
0,0,-6.00,-10.00,-1.00,598687
0,0,4.00,-6.00,15.00,598710
0,0,2.00,14.00,-5.00,598733
0,0,-4.00,-6.00,11.00,598756
0,0,2.00,10.00,3.00,598779
0,0,-6.00,6.00,7.00,598802
0,0,-4.00,10.00,23.00,598825
0,0,-12.00,-2.00,-7.00,598848
0,0,0.00,-36.00,9.00,598872
0,0,2.00,-10.00,19.00,598895
0,0,-18.00,10.00,-9.00,598919
0,0,12.00,14.00,1.00,598942
0,0,10.00,2.00,1.00,598966
0,0,2.00,-12.00,1.00,598989
0,0,6.00,-14.00,7.00,599013
0,0,6.00,14.00,17.00,599036
0,0,6.00,18.00,-3.00,599059
0,0,10.00,2.00,15.00,599082
0,0,6.00,4.00,11.00,599105
0,0,0.00,-22.00,-27.00,599128
